submissiondate	today	tabletid	duration	a_area	respondent_id	a_village	a_agree	durationintro	a_consent	a_comment	durationconsent	b_educ	b_male	b_residents	b_children	d_maincooking	d_mainlighting	cz1	d_anycharcoal	d_anykerosene	d_anyfirewood	d_anylpg	d_anycandles	d_anysolar	d_anyelec	d_anyphone	d_anyfree	cz2	d_charcoalbuy	d_charcoaluse	d_charcoalfree	d_kerosenebuy	d_kerosenefree	d_firewoodbuy	d_firewoodfree	d_lpgbuy	d_lpgfree	d_candlesbuy	d_candlesfree	d_solarbuy	d_elecbuy	d_phonebuy	c_charcoalfreq	c_charcoalseller	c_charcoalseller_2	c_charcoalseller_3	c_charcoalseller_4	c_charcoalseller_5	c_charcoalseller_6	c_charcoalseller_7	c_charcoalseller_12	c_charcoalseller_8	c_charcoalseller_9	c_charcoalseller_11	c_charcoalseller_13	c_charcoalseller_97	c_charcoalseller_96	c_charcoalseller_other	c_charcoalbought	c_charcoalbought_2	c_charcoalbought_3	c_charcoalbought_4	c_charcoalbought_5	c_charcoalbought_6	c_charcoalbought_7	c_charcoalbought_12	c_charcoalbought_8	c_charcoalbought_9	c_charcoalbought_11	c_charcoalbought_13	c_charcoalbought_97	c_charcoalbought_96	c_charcoalkes	c_charcoalunits	c_charcoalow	c_charcoalhigh	c_buymore	c_buymore_1	c_buymore_2	c_buymore_3	c_buymore_4	c_buymore_5	c_buymore_6	c_buymore_7	c_buymore_8	c_buymore_97	c_buymore_96	c_buymoreother	c_cookstoveprice	c_cookstoveyear	c_cookstovemonth	c_newcookstovewhen	c_newcookstovebuy	c_comment	b_rent	b_occupationself	b_occupationself_96	b_occupationself_1	b_occupationself_7	b_occupationself_33	b_occupationself_81	b_occupationself_82	b_occupationself_83	b_occupationself_84	b_occupationself_8	b_occupationself_9	b_occupationself_10	b_occupationself_32	b_occupationself_11	b_occupationself_12	b_occupationself_13	b_occupationself_14	b_occupationself_15	b_occupationself_16	b_occupationself_17	b_occupationself_18	b_occupationself_19	b_occupationself_199	b_occupationself_20	b_occupationself_21	b_occupationself_22	b_occupationself_23	b_occupationself_71	b_occupationself_72	b_occupationself_73	b_occupationself_74	b_occupationself_75	b_occupationself_79	b_occupationself_24	b_occupationself_25	b_occupationself_26	b_occupationself_27	b_occupationself_28	b_occupationself_29	b_occupationself_30	b_occupationself_31	b_occupationself_2	b_occupationself_3	b_occupationself_4	b_occupationself_5	b_occupationself_6	b_occupationself_61	b_occupationself_99	b_occupationself_50	b_occupationself_97	b_incomeself	b_occupationothers	b_occupationothers_96	b_occupationothers_1	b_occupationothers_7	b_occupationothers_33	b_occupationothers_81	b_occupationothers_82	b_occupationothers_83	b_occupationothers_84	b_occupationothers_8	b_occupationothers_9	b_occupationothers_10	b_occupationothers_32	b_occupationothers_11	b_occupationothers_12	b_occupationothers_13	b_occupationothers_14	b_occupationothers_15	b_occupationothers_16	b_occupationothers_17	b_occupationothers_18	b_occupationothers_19	b_occupationothers_199	b_occupationothers_20	b_occupationothers_21	b_occupationothers_22	b_occupationothers_23	b_occupationothers_71	b_occupationothers_72	b_occupationothers_73	b_occupationothers_74	b_occupationothers_75	b_occupationothers_79	b_occupationothers_24	b_occupationothers_25	b_occupationothers_26	b_occupationothers_27	b_occupationothers_28	b_occupationothers_29	b_occupationothers_30	b_occupationothers_31	b_occupationothers_2	b_occupationothers_3	b_occupationothers_4	b_occupationothers_5	b_occupationothers_6	b_occupationothers_61	b_occupationothers_99	b_occupationothers_50	b_occupationothers_97	b_incomeothers	b_bigpurchase	b_bigpurchase_0	b_bigpurchase_1	b_bigpurchase_11	b_bigpurchase_2	b_bigpurchase_31	b_bigpurchase_32	b_bigpurchase_33	b_bigpurchase_4	b_bigpurchase_5	b_bigpurchase_6	b_bigpurchase_7	b_bigpurchase_8	b_bigpurchase_96	b_bigpurchase_97	g1a	g1a2	g1b	g1b_1	g1b_2	g1b_3	g1b_96	g1c	g1d	g1d_1	g1d_2	g1d_3	g1d_4	g1d_5	g1d_6	g1d_96	g1e	g1e_1	g1e_2	g1e_3	g1e_4	g1e_5	g1e_6	g1e_96	g1f	g1g1	g1g	g1h	g1i	g2d	g2d_1	g2d_2	g2d_3	g2d_4	g2d_5	g2d_6	g2d_7	g2d_8	g2d_9	g2d_10	g2d_97	g2g	g2g_1	g2g_2	g2g_3	g2g_4	g2g_97	g2h	g2h_1	g2h_2	g2h_3	g2h_4	g2h_5	g2h_6	g2h_7	g2h_8	g2h_9	g2h_10	g2h_97	g2i	g2i_1	g2i_2	g2i_3	g2i_4	g2i_5	g2i_6	g2i_7	g2i_8	g2i_9	g2i_10	g2i_97	g2a	g2b	g2b2	g2c	g2e	g2f	d_attributes_easy	d_attributes_taste	d_attributes_smoke	d_attributes_cheap	d_attributes_save	d_attributes_looks	durationsurvey	math1	math2	math3	math4	math5	math6	math7	math8	comment_math	durationmath	d_awareness	d_awareness_0	d_awareness_20	d_awareness_21	d_awareness_22	d_awareness_3	d_awareness_4	d_awareness_5	d_awareness_6	d_awareness_7	d_awareness_8	d_awareness_9	d_awareness_10	d_awareness_97	d_bestthings	d_bestthings_1	d_bestthings_2	d_bestthings_3	d_bestthings_4	d_bestthings_5	d_bestthings_6	d_bestthings_7	d_bestthings_97	d_bestthings_99	d_otherthings	d_taste	d_tastetext	d_jikokoalast	d2_cough_resp	d2_breath_resp	d2_hours_resp	d2_cough_child	d2_breath_child	d2_hours_child	f_health_trad_adult	f_health_trad_child	f_health_longterm	f_health_jikokoa	f_health_work	d_beanmax	d_beanmin	d_beans1a	d_beans2a	d_beans3a	d_beans4a	d_beans5a	d_beans6a	d_beans7a	d_beans8a	d_beans9a	d_beans10a	d_beans11a	d_beans12a	d_beans13a	d_beans14a	d_beans15a	d_beans16a	d_beans17a	d_beans18a	d_beans19a	d_beans20a	d_beans1	d_beans2	d_beans3	d_beans4	d_beans5	d_beans6	d_beans7	d_beans8	d_beans9	d_beans10	d_beans11	d_beans12	d_beans13	d_beans14	d_beans15	d_beans16	d_beans17	d_beans18	d_beans19	d_beans20	d_beanstotal	beans_no20	durationbeliefs	prac_decisions1	prac_decisions2	prac_decisions3	decisions1	decisions2	decisions3	decisions4	decisions5	durationeffort	g_invest	g_outcome	fixed	win	totallose	totalwin	comment_risk	durationrisk	numbersame	durationtotal	instanceid	formdef_version	key
"Apr 26, 2019 12:26:20 PM"	"Apr 26, 2019"	"3.56213E+14"	3388	"Dandora"	"0a80c39"	"ExMoroto"	1	19	1		377	37	0	6	2	3	1	""	1	1	0	0	1	0	1	1	0		700	700		210						100			200	30	1	"96"	0	0	0	0	0	0	0	0	0	0	0	0	1		"96"	0	0	0	0	0	0	0	0	0	0	0	0	1	100	1	90	100	"2 4 5 6 8 97"	0	1	0	1	1	1	0	1	1	0	"While cooking githeri"	250	2016	98	4	1	""	4000	"8"	0	0	0	0	0	0	0	0	1	0	0	0	0	0	0	0	0	0	0	0	0	0	0	0	0	0	0	0	0	0	0	0	0	0	0	0	0	0	0	0	0	0	0	0	0	0	0	0	0	500	96	1	0	0	0	0	0	0	0	0	0	0	0	0	0	0	0	0	0	0	0	0	0	0	0	0	0	0	0	0	0	0	0	0	0	0	0	0	0	0	0	0	0	0	0	0	0	0	0	0	0	"6"	0	0	0	0	0	0	0	0	0	1	0	0	0	0	1	0	"3"	0	0	1	0	0	"6"	0	0	0	0	0	1	0	"3"	0	0	1	0	0	0	0	2	1000	5	2	1	"8"	0	0	0	0	0	0	0	1	0	0	0	""						"1"	1	0	0	0	0	0	0	0	0	0	0	"1"	1	0	0	0	0	0	0	0	0	0	0	100	4000	5000				0	4	0	0	8	0	1752	-999	-999	-999	-999	-999	-999	-999	-999	"She doesn't know how to do the calculations"	1889	"3"	0	0	0	0	1	0	0	0	0	0	0	0	0	"1 7"	1	0	0	0	0	0	1	0	0	""	5	""	52	1	1	16	1	1	0	5	5	1	2	0	18200	10920									20	0	0	0	0	0	0						0	0	0	0	0	0	0	0	20	0	0	0	0	0	0	0	0	0	0	0	20		2430	4	9	6	6	4	9	4	9	3116	100	0	300	300	400	700		3337	1	3386	"uuid:5d8ac95e-33d6-4d45-9b90-3a6e260a34a9"	1904231931	"uuid:5d8ac95e-33d6-4d45-9b90-3a6e260a34a9"
"Apr 26, 2019 12:40:43 PM"	"Apr 26, 2019"	"8.65566E+14"	3163	"Mukuru"	"842b837"	"SisalAandB"	1	13	1		146	44	0	5	3	3	3	""	1	1	0	0	1	0	1	0	0		300	300		15						30			75		1	"96"	0	0	0	0	0	0	0	0	0	0	0	0	1		"96"	0	0	0	0	0	0	0	0	0	0	0	0	1	30	5	30	30	"1 2"	1	1	0	0	0	0	0	0	0	0	""	350	2016	9	14	1	""	1500	"96"	1	0	0	0	0	0	0	0	0	0	0	0	0	0	0	0	0	0	0	0	0	0	0	0	0	0	0	0	0	0	0	0	0	0	0	0	0	0	0	0	0	0	0	0	0	0	0	0	0	0	75	0	0	0	0	0	0	0	0	0	0	0	0	0	0	0	0	0	0	0	0	0	0	0	0	0	0	0	0	0	0	1	0	0	0	0	0	0	0	0	0	0	0	0	0	0	0	0	0	0	167	"0"	1	0	0	0	0	0	0	0	0	0	0	0	0	0	1	1	"96"	0	0	0	1	0	"3"	0	0	1	0	0	0	0	"4"	0	0	0	1	0	0	0	1	700	5	5	5	"7 97"	0	0	0	0	0	0	1	0	0	0	1	""						""												"97"	0	0	0	0	0	0	0	0	0	0	1	0					1500	2	2	3	2	1	2	1217	105	208	-999	-999	-999	-999	-999	-999	""	1516	"3 9"	0	0	0	0	1	0	0	0	0	0	1	0	0	"1 4"	1	0	0	1	0	0	0	0	0	""	5	""	156	0	0	0	0	0	0	4	4	2	2	30	10950	5475					3	2	12	2	1												0	0	0	0	3	2	12	2	1	0	0	0	0	0	0	0	0	0	0	0	20		1950				3	1	2	21	3	2642	0	0	400	0	500	500		2874	1	3162	"uuid:c60168d3-b0c0-4863-b0c5-737058eeea19"	1904231931	"uuid:c60168d3-b0c0-4863-b0c5-737058eeea19"
"Apr 26, 2019 12:57:53 PM"	"Apr 26, 2019"	"3.544E+14"	3888	"Mukuru"	"95529"	"SisalAandB"	1	153	1		341	37	0	7	3	3	1	"Uses LPG sometimes"	1	1	0	1	1	0	1	0	0		700	700		50				175		30			250		2	"9"	0	0	0	0	0	0	0	0	1	0	0	0	0		"96"	0	0	0	0	0	0	0	0	0	0	0	0	1	100	1	100	100	"2"	0	1	0	0	0	0	0	0	0	0	""	200	2018	10	16	1	""	3600	"10"	0	0	0	0	0	0	0	0	0	0	1	0	0	0	0	0	0	0	0	0	0	0	0	0	0	0	0	0	0	0	0	0	0	0	0	0	0	0	0	0	0	0	0	0	0	0	0	0	0	650	96	1	0	0	0	0	0	0	0	0	0	0	0	0	0	0	0	0	0	0	0	0	0	0	0	0	0	0	0	0	0	0	0	0	0	0	0	0	0	0	0	0	0	0	0	0	0	0	0	0	0	"6"	0	0	0	0	0	0	0	0	0	1	0	0	0	0	1	0	"3"	0	0	1	0	0	"6"	0	0	0	0	0	1	0	"96"	0	0	0	0	0	0	1	1	-999	5	4	4	"6"	0	0	0	0	0	1	0	0	0	0	0	""						""												"7"	0	0	0	0	0	0	1	0	0	0	0	3000	100	7000				2	0	3	1	4	2	1681	105	208	-999	5235	4995	-999	-999	-999	""	2358	"3"	0	0	0	0	1	0	0	0	0	0	0	0	0	"5 7"	0	0	0	0	1	0	1	0	0	""	3	""	104	0	0	0	0	0	0	3	3	2	4	50	18000	10800									4	4	3	3	3	2	1						0	0	0	0	0	0	0	0	4	4	3	3	3	2	1	0	0	0	0	0	20		2727	21	19	16	12	17	18	14	16	3254	0	0	400	0	500	500		3380	1		"uuid:6ad6d475-46ee-48cc-992a-cea1962b6daf"	1904231931	"uuid:6ad6d475-46ee-48cc-992a-cea1962b6daf"
"Apr 26, 2019 2:08:58 PM"	"Apr 26, 2019"	"3.56213E+14"	3658	"Dandora"	"85f0d22"	"Moroto"	1	96	1		369	3	0	5	3	3	1	""	1	1	0	0	1	0	1	1	0		630	630		140						60			200	100	2	"96"	0	0	0	0	0	0	0	0	0	0	0	0	1		"96"	0	0	0	0	0	0	0	0	0	0	0	0	1	90	1	50	90	"4 5 6"	0	0	0	1	1	1	0	0	0	0	""	350	2016	3	8	1	""	2500	"96"	1	0	0	0	0	0	0	0	0	0	0	0	0	0	0	0	0	0	0	0	0	0	0	0	0	0	0	0	0	0	0	0	0	0	0	0	0	0	0	0	0	0	0	0	0	0	0	0	0	0	17	0	0	0	0	0	0	0	0	0	0	0	0	0	0	0	0	0	0	1	0	0	0	0	0	0	0	0	0	0	0	0	0	0	0	0	0	0	0	0	0	0	0	0	0	0	0	0	0	0	550	"6"	0	0	0	0	0	0	0	0	0	1	0	0	0	0	1	0	"1"	1	0	0	0	0	"3"	0	0	1	0	0	0	0	"96"	0	0	0	0	0	0	1	3	5000	5	4	4	"5"	0	0	0	0	1	0	0	0	0	0	0	""						""												"1"	1	0	0	0	0	0	0	0	0	0	0	0	1000	1500			2000	0	7	0	5	0	0	1669	105	208	62700	1689340	3330	2200	-999	-999	""	2123	"9"	0	0	0	0	0	0	0	0	0	0	1	0	0	"1"	1	0	0	0	0	0	0	0	0	""	5	"Food tastes better because it cooks slowly"	52	0	0	0	0	0	0	1	1	1	1	0	18200	14560												5	4	6	5						0	0	0	0	0	0	0	0	0	0	0	5	4	6	5	0	0	0	0	0	20		2800	13	10	8	7	11	7	13	9	3140	100	0	300	300	400	700		3341	1	3656	"uuid:cf81d1e2-0793-410e-8a91-c1c0daf098ce"	1904231931	"uuid:cf81d1e2-0793-410e-8a91-c1c0daf098ce"
"Apr 26, 2019 2:22:33 PM"	"Apr 26, 2019"	"3.59973E+14"	4251	"Mukuru"	"98a4c67"	"SisalAandB"	1	18	1		96	44	1	2	0	3	1	"Only uses Charcoal"	1	0	0	0	1	0	1	0	0		560	560								40			75		1	"9"	0	0	0	0	0	0	0	0	1	0	0	0	0		"9"	0	0	0	0	0	0	0	0	1	0	0	0	0	40	2	30	40	"2 3"	0	1	1	0	0	0	0	0	0	0	""	300	2018	6	16	1	""	1500	"8"	0	0	0	0	0	0	0	0	1	0	0	0	0	0	0	0	0	0	0	0	0	0	0	0	0	0	0	0	0	0	0	0	0	0	0	0	0	0	0	0	0	0	0	0	0	0	0	0	0	300	72	0	0	0	0	0	0	0	0	0	0	0	0	0	0	0	0	0	0	0	0	0	0	0	0	0	0	0	1	0	0	0	0	0	0	0	0	0	0	0	0	0	0	0	0	0	0	0	0	0	1000	"0 7"	1	0	0	0	0	0	0	0	0	0	1	0	0	0	1	1	"96"	0	0	0	1	0	"96"	0	0	0	0	0	0	1	"96"	0	0	0	0	0	0	1	2	500	5	4	2	""												"3"	0	0	1	0	0	"1"	1	0	0	0	0	0	0	0	0	0	0	"1"	1	0	0	0	0	0	0	0	0	0	0	500						2	2	2	2	4	0	28	105	208	123.5	-999	305	-999	-999	-999	""	28	"4"	0	0	0	0	0	1	0	0	0	0	0	0	0	"4 5 7"	0	0	0	1	1	0	1	0	0	""	4	""	104	1	0	0				4	1	3	4	100	14600	10950									6	5	5	4									0	0	0	0	0	0	0	0	6	5	5	4	0	0	0	0	0	0	0	0	20		28				16	17	3	4	6	28	50	1	350	150	450	600		28	1	25	"uuid:151052c9-44ba-4727-ad7c-f8e74e21fcff"	1904231931	"uuid:151052c9-44ba-4727-ad7c-f8e74e21fcff"
"Apr 26, 2019 3:37:30 PM"	"Apr 26, 2019"	"8.65566E+14"	4173	"Mukuru"	"dfab76b"	"SisalAandB"	1	13	1		221	3	0	3	1	3	3	""	1	1	0	0	1	0	1	0	0		560	560		100						10			100		1	"2"	1	0	0	0	0	0	0	0	0	0	0	0	0		"96"	0	0	0	0	0	0	0	0	0	0	0	0	1	80	2	80	80	"1 2 4 6"	1	1	0	1	0	1	0	0	0	0	""	250	2017	6	130	1	""	1800	"96"	1	0	0	0	0	0	0	0	0	0	0	0	0	0	0	0	0	0	0	0	0	0	0	0	0	0	0	0	0	0	0	0	0	0	0	0	0	0	0	0	0	0	0	0	0	0	0	0	0	0	199	0	0	0	0	0	0	0	0	0	0	0	0	0	0	0	0	0	0	0	0	0	1	0	0	0	0	0	0	0	0	0	0	0	0	0	0	0	0	0	0	0	0	0	0	0	0	0	0	0	500	"7 8"	0	0	0	0	0	0	0	0	0	0	1	1	0	0	1	1	"96"	0	0	0	1	1	"1"	1	0	0	0	0	0	0	"96"	0	0	0	0	0	0	1	3	-999	5	4	4	"97"	0	0	0	0	0	0	0	0	0	0	1	""						""												"97"	0	0	0	0	0	0	0	0	0	0	1	60			0	50		3	1	2	2	2	2	1433	105	208	-999	-999	-999	-999	-999	-999	""	2063	"3 6"	0	0	0	0	1	0	0	1	0	0	0	0	0	"1"	1	0	0	0	0	0	0	0	0	""	5	""	312	1	0	0	0	0	0	3	3	1	1	40	14600	7300						4	7	0	7	2	0	0									0	0	0	0	0	4	7	0	7	2	0	0	0	0	0	0	0	0	0	0	20		2684				20	21	17	16	5	3697	400	1	0	1200	100	1300		4029	1	4172	"uuid:c3267a3c-1ec8-460b-bfc8-97530f3b99f0"	1904231931	"uuid:c3267a3c-1ec8-460b-bfc8-97530f3b99f0"
"Apr 26, 2019 3:37:35 PM"	"Apr 26, 2019"	"8.65566E+14"	295	"Mukuru"	"c7bcbda"	"SisalAandB"	1	11	1		47	44	0	5	2	3	1	""	1	1	0	1	1	0	1	0	0		280	280		100				133		10			150			""															""																		""											""						""		""																																																																																																						""																	""						""								""													""												""						""												""																								176									""	176	""														""										""		""																																																									176									176								176		294	"uuid:f858c0ec-73f3-4f7e-b51f-935bb841e433"	1904231931	"uuid:f858c0ec-73f3-4f7e-b51f-935bb841e433"
"Apr 26, 2019 3:37:37 PM"	"Apr 26, 2019"	"8.65566E+14"	4213	"Mukuru"	"53a79a7"	"SisalAandB"	1	851	1		990	3	0	3	1	3	1	""	1	1	0	0	1	0	1	0	0		400	400		200						10			100		5	"96"	0	0	0	0	0	0	0	0	0	0	0	0	1		"96"	0	0	0	0	0	0	0	0	0	0	0	0	1	400	3	380	400	"1 2 4 5 6 7"	1	1	0	1	1	1	1	0	0	0	""	350	2015	7	14	1	""	1000	"96"	1	0	0	0	0	0	0	0	0	0	0	0	0	0	0	0	0	0	0	0	0	0	0	0	0	0	0	0	0	0	0	0	0	0	0	0	0	0	0	0	0	0	0	0	0	0	0	0	0	0	72	0	0	0	0	0	0	0	0	0	0	0	0	0	0	0	0	0	0	0	0	0	0	0	0	0	0	0	1	0	0	0	0	0	0	0	0	0	0	0	0	0	0	0	0	0	0	0	0	0	233	"8"	0	0	0	0	0	0	0	0	0	0	0	1	0	0	1	1	"96"	0	0	0	1	0	"1 3"	1	0	1	0	0	0	0	"3"	0	0	1	0	0	0	0	2	200	5	2	2	"5"	0	0	0	0	1	0	0	0	0	0	0	""						"1"	1	0	0	0	0	0	0	0	0	0	0	"1 97"	1	0	0	0	0	0	0	0	0	0	1	100				0	10000	3	2	3	0	4	0	1961	105	208	1011.75	10470	-999	-999	-999	-999	""	2473	"3 7"	0	0	0	0	1	0	0	0	1	0	0	0	0	"1 3 4 5 7"	1	0	1	1	1	0	1	0	0	""	5	""	312	1	0	0	1	0	0	5	5	2	2	50	18250	10950									8	5	4	3	0	0	0						0	0	0	0	0	0	0	0	8	5	4	3	0	0	0	0	0	0	0	0	20		2944				17	19	15	18	10	3562	100	0	300	300	400	700		3899	1	4211	"uuid:d588430c-044d-45f6-a223-646fa8a89122"	1904231931	"uuid:d588430c-044d-45f6-a223-646fa8a89122"
"Apr 26, 2019 3:50:05 PM"	"Apr 26, 2019"	"3.56213E+14"	2846	"Dandora"	"4e30a0a"	"ExMoroto"	1	21	1		319	9	0	4	1	3	1	""	1	1	0	1	1	0	1	1	0		700	700		200				100		20			75	40	2	"96"	0	0	0	0	0	0	0	0	0	0	0	0	1		"96"	0	0	0	0	0	0	0	0	0	0	0	0	1	100	1	80	100	"4 97"	0	0	0	1	0	0	0	0	1	0	"When cooking chapati and boiling cereals"	350	2016	7	16	1	""	2500	"24"	0	0	0	0	0	0	0	0	0	0	0	0	0	0	0	0	0	0	0	0	0	0	0	0	0	0	0	0	0	0	0	0	1	0	0	0	0	0	0	0	0	0	0	0	0	0	0	0	0	300	96	1	0	0	0	0	0	0	0	0	0	0	0	0	0	0	0	0	0	0	0	0	0	0	0	0	0	0	0	0	0	0	0	0	0	0	0	0	0	0	0	0	0	0	0	0	0	0	0	0	0	"33"	0	0	0	0	0	0	1	0	0	0	0	0	0	0	1	1	"3"	0	0	1	0	0	"3"	0	0	1	0	0	0	0	"3"	0	0	1	0	0	0	0	1	300	5	5	1	"5"	0	0	0	0	1	0	0	0	0	0	0	""						""												"97"	0	0	0	0	0	0	0	0	0	0	1	0	200	0			4500	1	2	3	2	3	1	1322	105	208	1011.75	2094	1665	490	935	913.75	""	1680	"3"	0	0	0	0	1	0	0	0	0	0	0	0	0	"1 5 7"	1	0	0	0	1	0	1	0	0	""	5	""	156	0	0	0	0	0	0	1	1	1	1	0	18250	10950									3	4	3	6	2	1	1						0	0	0	0	0	0	0	0	3	4	3	6	2	1	1	0	0	0	0	0	20		2027	2	2	1	1	2	2	2	1	2444	200	0	200	600	300	900		2656	1	2844	"uuid:2f62ec39-0acc-4d7e-b4c4-037cbd3e3781"	1904231931	"uuid:2f62ec39-0acc-4d7e-b4c4-037cbd3e3781"
"Apr 26, 2019 4:25:01 PM"	"Apr 26, 2019"	"3.59973E+14"	6274	"Mukuru"	"4d71cd0"	"SisalAandB"	1	28	1		263	3	0	4	2	3	1	"Only uses charcoal for cooking and a little kerosene for lighting when there is power outage"	1	1	0	0	1	0	1	0	0		700	700		100						20			100		2	"2"	1	0	0	0	0	0	0	0	0	0	0	0	0		"96"	0	0	0	0	0	0	0	0	0	0	0	0	1	100	1	80	110	"2 5"	0	1	0	0	1	0	0	0	0	0	""	250	2018	11	52	1	""	160	"14"	0	0	0	0	0	0	0	0	0	0	0	0	0	0	0	1	0	0	0	0	0	0	0	0	0	0	0	0	0	0	0	0	0	0	0	0	0	0	0	0	0	0	0	0	0	0	0	0	0	160	17	0	0	0	0	0	0	0	0	0	0	0	0	0	0	0	0	0	0	1	0	0	0	0	0	0	0	0	0	0	0	0	0	0	0	0	0	0	0	0	0	0	0	0	0	0	0	0	0	0	500	"7"	0	0	0	0	0	0	0	0	0	0	1	0	0	0	1	0	"1"	1	0	0	0	0	"96"	0	0	0	0	0	0	1	"96"	0	0	0	0	0	0	1	1	-999	5	5	5	""												"1"	1	0	0	0	0	""												"6 10"	0	0	0	0	0	1	0	0	0	1	0	386	1000	7000				4	0	3	5	0	0	1647	105	208	1011.75	2094	3330	2210	8500	6375	""	2643	"9"	0	0	0	0	0	0	0	0	0	0	1	0	0	"2 3 5"	0	1	1	0	1	0	0	0	0	""	4	""	156	0	0	0	0	0	0	1	1	2	1	0	18250	10950									6	3	3	3	3	1	1						0	0	0	0	0	0	0	0	6	3	3	3	3	1	1	0	0	0	0	0	20		3188	21	20	20	16	6	7	20	4	4131	100	1	300	300	400	700		4434	1	904	"uuid:278a9f00-f84e-4e45-a3a8-65008c00927d"	1904231931	"uuid:278a9f00-f84e-4e45-a3a8-65008c00927d"
"Apr 26, 2019 4:40:31 PM"	"Apr 26, 2019"	"8.68912E+14"	3867	"Dandora"	"7bdd8a0"	"ExMoroto"	1	20	1		72	42	0	5	3	3	1	""	1	1	0	0	1	0	1	0	0		910	910		140						40			100		2	"96"	0	0	0	0	0	0	0	0	0	0	0	0	1		"96"	0	0	0	0	0	0	0	0	0	0	0	0	1	80	1	80	100	"3"	0	0	1	0	0	0	0	0	0	0	""	250	2018	6	4	1	""	2000	"7"	0	0	1	0	0	0	0	0	0	0	0	0	0	0	0	0	0	0	0	0	0	0	0	0	0	0	0	0	0	0	0	0	0	0	0	0	0	0	0	0	0	0	0	0	0	0	0	0	0	300	17	0	0	0	0	0	0	0	0	0	0	0	0	0	0	0	0	0	0	1	0	0	0	0	0	0	0	0	0	0	0	0	0	0	0	0	0	0	0	0	0	0	0	0	0	0	0	0	0	0	500	"6 7"	0	0	0	0	0	0	0	0	0	1	1	0	0	0	1	0	"3"	0	0	1	0	0	"96"	0	0	0	0	0	0	1	"2"	0	1	0	0	0	0	0	2	999	4	2	2	""												"2"	0	1	0	0	0	"1"	1	0	0	0	0	0	0	0	0	0	0	"1"	1	0	0	0	0	0	0	0	0	0	0	100	2800	4900				2	2	2	2	2	2	1344	105	208	999	999	999	999	80	75	""	1649	"3 7"	0	0	0	0	1	0	0	0	1	0	0	0	0	"1"	1	0	0	0	0	0	0	0	0	""	5	""	208	0	0	0	0	0	0	4	3	4	4	0	21840	18000															3	4	5	8			0	0	0	0	0	0	0	0	0	0	0	0	0	0	3	4	5	8	0	0	20		2144	5	8	6	7	8	12	7	18	2671	200	1	200	600	300	900		3040	2	3865	"uuid:272096f5-746d-4758-a63c-8b54b3e63309"	1904231931	"uuid:272096f5-746d-4758-a63c-8b54b3e63309"
"Apr 26, 2019 4:40:34 PM"	"Apr 26, 2019"	"8.68912E+14"	4192	"Dandora"	"fd6f160"	"ExMoroto"	1	79	1		658	3	0	9	7	3	5	""	1	1	0	0	0	0	0	1	0		560	560		350										20	2	"96"	0	0	0	0	0	0	0	0	0	0	0	0	1		"96"	0	0	0	0	0	0	0	0	0	0	0	0	1	80	1	80	100	"8"	0	0	0	0	0	0	0	1	0	0	""	250	2019	1	48	2	""	4500	"7 81"	0	0	1	0	1	0	0	0	0	0	0	0	0	0	0	0	0	0	0	0	0	0	0	0	0	0	0	0	0	0	0	0	0	0	0	0	0	0	0	0	0	0	0	0	0	0	0	0	0	200	7	0	0	1	0	0	0	0	0	0	0	0	0	0	0	0	0	0	0	0	0	0	0	0	0	0	0	0	0	0	0	0	0	0	0	0	0	0	0	0	0	0	0	0	0	0	0	0	0	0	400	"6 7"	0	0	0	0	0	0	0	0	0	1	1	0	0	0	1	0	"3"	0	0	1	0	0	"6"	0	0	0	0	0	1	0	"6"	0	0	0	0	0	1	0	2	999	4	4	2	"1 9"	1	0	0	0	0	0	0	0	1	0	0	""						"1"	1	0	0	0	0	0	0	0	0	0	0	"1"	1	0	0	0	0	0	0	0	0	0	0	3	600	2500				0	2	4	3	3	0	1881	105	288	1011.75	999	999	999	999	999	""	2912	"3 7"	0	0	0	0	1	0	0	0	1	0	0	0	0	"1"	1	0	0	0	0	0	0	0	0	""	5	""	52	1	1	8	1	0	0	3	2	3	3	400	13440	9000								2	3	5	10										0	0	0	0	0	0	0	2	3	5	10	0	0	0	0	0	0	0	0	0	20		3166	8	10	10	12	6	18	10	14	3559	300	1	100	900	200	1100		3749	2	4190	"uuid:6a7ba025-7183-4f2a-bd38-6705fa51b788"	1904231931	"uuid:6a7ba025-7183-4f2a-bd38-6705fa51b788"
"Apr 26, 2019 4:40:35 PM"	"Apr 26, 2019"	"8.68912E+14"	2923	"Dandora"	"3400b43"	"ExMoroto"	1	18	1		276	44	0	5	3	3	1	""	1	1	0	0	1	0	1	0	0		630	630		100						40			100		2	"96"	0	0	0	0	0	0	0	0	0	0	0	0	1		"96"	0	0	0	0	0	0	0	0	0	0	0	0	1	90	1	60	90	"5 8"	0	0	0	0	1	0	0	1	0	0	""	600	2017	5	24	1	""	3000	"7"	0	0	1	0	0	0	0	0	0	0	0	0	0	0	0	0	0	0	0	0	0	0	0	0	0	0	0	0	0	0	0	0	0	0	0	0	0	0	0	0	0	0	0	0	0	0	0	0	0	700	96	1	0	0	0	0	0	0	0	0	0	0	0	0	0	0	0	0	0	0	0	0	0	0	0	0	0	0	0	0	0	0	0	0	0	0	0	0	0	0	0	0	0	0	0	0	0	0	0	0	0	"6"	0	0	0	0	0	0	0	0	0	1	0	0	0	0	1	1	"3"	0	0	1	0	1	"6"	0	0	0	0	0	1	0	"96"	0	0	0	0	0	0	1	2	900	1	2	2	"1"	1	0	0	0	0	0	0	0	0	0	0	""						"1"	1	0	0	0	0	0	0	0	0	0	0	"6"	0	0	0	0	0	1	0	0	0	0	0	0	3600	7500	0			1	1	4	3	3	0	1020	105	208	156.75	999	999	999	935	914	""	1502	"3"	0	0	0	0	1	0	0	0	0	0	0	0	0	"1"	1	0	0	0	0	0	0	0	0	""	3	""	104	0	0	0	0	0	0	4	4	4	4	0	15120	13000											5	5	10								0	0	0	0	0	0	0	0	0	0	5	5	10	0	0	0	0	0	0	0	20		1636	9	8	9	7	7	7	7	8	2245	200	1	200	600	300	900		2474	1	2921	"uuid:8dc6068b-26ea-4ed4-997a-0f54e8ae3c2a"	1904231931	"uuid:8dc6068b-26ea-4ed4-997a-0f54e8ae3c2a"
"Apr 26, 2019 4:45:45 PM"	"Apr 26, 2019"	"50:46:5d:0e:7e:81"	2100	"Mukuru"	"0bf0c79"	"SisalAandB"	1	43	1		82	3	0	2	0	3	1	""	1	1	0	0	1	0	0	0	0		360	360		200						2					3	"96"	0	0	0	0	0	0	0	0	0	0	0	0	1		"96"	0	0	0	0	0	0	0	0	0	0	0	0	1	50	6	40	50	"2 6 8"	0	1	0	0	0	1	0	1	0	0	""	250	2014	1	0	0	""	1500	"8"	0	0	0	0	0	0	0	0	1	0	0	0	0	0	0	0	0	0	0	0	0	0	0	0	0	0	0	0	0	0	0	0	0	0	0	0	0	0	0	0	0	0	0	0	0	0	0	0	0	1200	73	0	0	0	0	0	0	0	0	0	0	0	0	0	0	0	0	0	0	0	0	0	0	0	0	0	0	0	0	1	0	0	0	0	0	0	0	0	0	0	0	0	0	0	0	0	0	0	0	0	1500	"2 7"	0	0	0	1	0	0	0	0	0	0	1	0	0	0	1	0	"96"	0	0	0	1	1	"2"	0	1	0	0	0	0	0	"2"	0	1	0	0	0	0	0	2	-999	2	2	2	"5"	0	0	0	0	1	0	0	0	0	0	0	""						"1"	1	0	0	0	0	0	0	0	0	0	0	"1 5 6"	1	0	0	0	1	1	0	0	0	0	0	1623			23000	5000		3	1	4	1	2	1	749	105	208	1011.75	-999	-999	-999	-999	-999	""	756	"3 5 6 8 9"	0	0	0	0	1	0	1	1	0	1	1	0	0	"5 6"	0	0	0	0	1	1	0	0	0	""	3	""	250	0	0	3				4	3	4	5	500	11000	7000						6	6	6	2												0	0	0	0	0	6	6	6	2	0	0	0	0	0	0	0	0	0	0	0	20		1003	12	12	13	11	14	14	10	17	1165	100	0	300	300	400	700		1451	1	2097	"uuid:e0d2ef5d-5393-47d4-b071-3c27a0872d64"	1904231931	"uuid:e0d2ef5d-5393-47d4-b071-3c27a0872d64"
"Apr 26, 2019 4:45:45 PM"	"Apr 26, 2019"	"50:46:5d:0e:7e:81"	2640	"Mukuru"	"f53331c"	"SisalAandB"	1	17	1		51	37	0	4	2	3	1	""	1	0	0	0	1	0	1	1	0		320	300								5			120	20	3	"96"	0	0	0	0	0	0	0	0	0	0	0	0	1		"96"	0	0	0	0	0	0	0	0	0	0	0	0	1	30	6	30	40	"1 4 6 8"	1	0	0	1	0	1	0	1	0	0	""	380	2016	2	12	0	""	2000	"9"	0	0	0	0	0	0	0	0	0	1	0	0	0	0	0	0	0	0	0	0	0	0	0	0	0	0	0	0	0	0	0	0	0	0	0	0	0	0	0	0	0	0	0	0	0	0	0	0	0	200	72	0	0	0	0	0	0	0	0	0	0	0	0	0	0	0	0	0	0	0	0	0	0	0	0	0	0	0	1	0	0	0	0	0	0	0	0	0	0	0	0	0	0	0	0	0	0	0	0	0	1500	"2 32 6 7 8"	0	0	0	1	0	1	0	0	0	1	1	1	0	0	1	0	"3"	0	0	1	0	0	"6"	0	0	0	0	0	1	0	"96"	0	0	0	0	0	0	1	2	-999	4	2	2	"5"	0	0	0	0	1	0	0	0	0	0	0	""						"1 5 6"	1	0	0	0	1	1	0	0	0	0	0	"1"	1	0	0	0	0	0	0	0	0	0	0	3	500	10000				2	0	4	0	4	2	1198	105	208	-999	7340	3330	1790	-999	-999	""	1468	"3 5 6 7 8"	0	0	0	0	1	0	1	1	1	1	0	0	0	"1 5 7"	1	0	0	0	1	0	1	0	0	""	3	""	104	0	0	0	0	0	0	4	3	4	5	0	12000	10000									15	5											0	0	0	0	0	0	0	0	15	5	0	0	0	0	0	0	0	0	0	0	20		1686				11	7	12	13	11	1829	100	0	300	300	400	700		2139	1	2637	"uuid:c868a5fe-ff88-4179-b67f-8b19e7b932de"	1904231931	"uuid:c868a5fe-ff88-4179-b67f-8b19e7b932de"
"Apr 26, 2019 4:45:46 PM"	"Apr 26, 2019"	"50:46:5d:0e:7e:81"	1611	"Mukuru"	"c5472da"	"SisalAandB"	1	14	1		18	44	0	6	4	3	1	""	1	1	0	1	1	0	1	0	0		700	670		150				100		5			100		5	"96"	0	0	0	0	0	0	0	0	0	0	0	0	1		"96"	0	0	0	0	0	0	0	0	0	0	0	0	1	50	2	40	50	"1 2 3 4 7"	1	1	1	1	0	0	1	0	0	0	""	420	2018	5	8	2	""	2000	"9"	0	0	0	0	0	0	0	0	0	1	0	0	0	0	0	0	0	0	0	0	0	0	0	0	0	0	0	0	0	0	0	0	0	0	0	0	0	0	0	0	0	0	0	0	0	0	0	0	0	600	10	0	0	0	0	0	0	0	0	0	0	1	0	0	0	0	0	0	0	0	0	0	0	0	0	0	0	0	0	0	0	0	0	0	0	0	0	0	0	0	0	0	0	0	0	0	0	0	0	0	1600	"0 31 4 7 8"	1	0	0	0	1	0	0	1	0	0	1	1	0	0	1	1	"3"	0	0	1	0	0	"96"	0	0	0	0	0	0	1	"2 3 4"	0	1	1	1	0	0	0	3	-999	4	2	2	""												"2"	0	1	0	0	0	""												"1 3 7"	1	0	1	0	0	0	1	0	0	0	0	1342	700	4200				4	2	3	1	2	0	746	105	208	1011.75	1330	1665	470	935	913.75	""	945	"21 3 5 7 9"	0	0	1	0	1	0	1	0	1	0	1	0	0	"1 5 97"	1	0	0	0	1	0	0	1	0	""	3	""	148	0	0	0	0	0	0	3	3	4	4	0	9000	7000						10	5	5													0	0	0	0	0	10	5	5	0	0	0	0	0	0	0	0	0	0	0	0	20		1018	13	7	15	14	16	18	8	14	1044	0	1	400	0	500	500		1106	1	1597	"uuid:63166c2b-994d-43ec-883b-f17ee5799799"	1904231931	"uuid:63166c2b-994d-43ec-883b-f17ee5799799"
"Apr 26, 2019 4:45:51 PM"	"Jan 1, 2015"	"3.54923E+14"	2740	"Mukuru"	"d7a365f"	"SisalAandB"	1	246	1		517	96	0	5	4	3	1	""	1	1	0	0	0	0	1	1	0		560	560		140									100	30	2	"9"	0	0	0	0	0	0	0	0	1	0	0	0	0		"96"	0	0	0	0	0	0	0	0	0	0	0	0	1	100	1	100	100	"6 8"	0	0	0	0	0	1	0	1	0	0	""	250	2014	98	4	1	""	1500100	"7"	0	0	1	0	0	0	0	0	0	0	0	0	0	0	0	0	0	0	0	0	0	0	0	0	0	0	0	0	0	0	0	0	0	0	0	0	0	0	0	0	0	0	0	0	0	0	0	0	0	300	96	1	0	0	0	0	0	0	0	0	0	0	0	0	0	0	0	0	0	0	0	0	0	0	0	0	0	0	0	0	0	0	0	0	0	0	0	0	0	0	0	0	0	0	0	0	0	0	0	0	0	"7"	0	0	0	0	0	0	0	0	0	0	1	0	0	0	1	0	"3"	0	0	1	0	0	"96"	0	0	0	0	0	0	1	"96"	0	0	0	0	0	0	1	2	-999	5	5	5	""												"2"	0	1	0	0	0	"1"	1	0	0	0	0	0	0	0	0	0	0	"1"	1	0	0	0	0	0	0	0	0	0	0	40	400	4800				2	2	2	2	2	2	1539	.999	.999	.999	.999	.999	.999	.999	.999	"The respondent can not read and write"	1608	"9"	0	0	0	0	0	0	0	0	0	0	1	0	0	"1"	1	0	0	0	0	0	0	0	0	""	4	""	364	0	0	0	0	0	0	2	3	2	4	0	14560	7280						8	4	2	2	2	2	0									0	0	0	0	0	8	4	2	2	2	2	0	0	0	0	0	0	0	0	0	20		2119	20	1	6	7	12	13	13	13	2277	0	0	400	0	500	500		2398	2	2738	"uuid:e9bc055b-0dbd-4e5d-9cb8-fee598fd4066"	1904231931	"uuid:e9bc055b-0dbd-4e5d-9cb8-fee598fd4066"
"Apr 26, 2019 4:45:55 PM"	"Jan 1, 2015"	"3.54923E+14"	3574	"Mukuru"	"3c4857a"	"SisalAandB"	1	19	1		332	96	0	7	5	3	1	""	1	1	0	0	0	0	1	0	0		420	420		10									0		2	"9"	0	0	0	0	0	0	0	0	1	0	0	0	0		"96"	0	0	0	0	0	0	0	0	0	0	0	0	1	30	6	30	30	"2"	0	1	0	0	0	0	0	0	0	0	""	250	2017	98	8	1	""	0	"96"	1	0	0	0	0	0	0	0	0	0	0	0	0	0	0	0	0	0	0	0	0	0	0	0	0	0	0	0	0	0	0	0	0	0	0	0	0	0	0	0	0	0	0	0	0	0	0	0	0	0	75	0	0	0	0	0	0	0	0	0	0	0	0	0	0	0	0	0	0	0	0	0	0	0	0	0	0	0	0	0	0	1	0	0	0	0	0	0	0	0	0	0	0	0	0	0	0	0	0	0	300	"8"	0	0	0	0	0	0	0	0	0	0	0	1	0	0	1	1	"96"	0	0	0	1	0	"96"	0	0	0	0	0	0	1	"96"	0	0	0	0	0	0	1	2	200	5	5	4	""												"2"	0	1	0	0	0	"1"	1	0	0	0	0	0	0	0	0	0	0	"1"	1	0	0	0	0	0	0	0	0	0	0	7						0	0	0	0	10	2	332	105	208	12315	2660	35187	.999	.999	.999	""	332	"0"	1	0	0	0	0	0	0	0	0	0	0	0	0	"1 3 5"	1	0	1	0	1	0	0	0	0	""	3	""	104	0	0	1	0	0	0	4	4	4	5	0	10920	9100								12	8												0	0	0	0	0	0	0	12	8	0	0	0	0	0	0	0	0	0	0	0	20		332	15	16	20	11	7	14	5	11	332	100	0	300	300	400	700		332	1	332	"uuid:c3d4fa08-ebd2-4c4f-9d11-ac6993fd49cd"	1904231931	"uuid:c3d4fa08-ebd2-4c4f-9d11-ac6993fd49cd"
"Apr 26, 2019 4:45:57 PM"	"Apr 26, 2018"	"3.54923E+14"	2927	"Mukuru"	"8837aad"	"SisalAandB"	1	156	1		311	41	0	3	2	3	1	""	1	1	0	0	0	0	1	0	0		400	300		20									75		3	"96"	0	0	0	0	0	0	0	0	0	0	0	0	1		"96"	0	0	0	0	0	0	0	0	0	0	0	0	1	100	1	80	100	"2"	0	1	0	0	0	0	0	0	0	0	""	300	2016	10	16	1	""	1200	"7"	0	0	1	0	0	0	0	0	0	0	0	0	0	0	0	0	0	0	0	0	0	0	0	0	0	0	0	0	0	0	0	0	0	0	0	0	0	0	0	0	0	0	0	0	0	0	0	0	0	300	96	1	0	0	0	0	0	0	0	0	0	0	0	0	0	0	0	0	0	0	0	0	0	0	0	0	0	0	0	0	0	0	0	0	0	0	0	0	0	0	0	0	0	0	0	0	0	0	0	0	0	"7"	0	0	0	0	0	0	0	0	0	0	1	0	0	0	1	1	"96"	0	0	0	1	0	"96"	0	0	0	0	0	0	1	"96"	0	0	0	0	0	0	1	2	500	5	4	2	""												"2"	0	1	0	0	0	"1"	1	0	0	0	0	0	0	0	0	0	0	"1"	1	0	0	0	0	0	0	0	0	0	0	200						2	4	0	6	0	0	570	105	1600	1235	.999	.999	.999	.999	.999	""	570	"7"	0	0	0	0	0	0	0	0	1	0	0	0	0	"1"	1	0	0	0	0	0	0	0	0	""	3	""	156	0	0	0	0	0	0	1	1	1	2	0	7800	5200					11	8	1														0	0	0	0	11	8	1	0	0	0	0	0	0	0	0	0	0	0	0	0	20		570	7	7	15	7	5	14	11	16	570	50	0	350	150	450	600		570	1	2925	"uuid:6b2f0483-6759-45ac-bcb4-5a8bacb083c1"	1904231931	"uuid:6b2f0483-6759-45ac-bcb4-5a8bacb083c1"
"Apr 26, 2019 4:58:12 PM"	"Apr 26, 2019"	"60:a4:4c:96:97:4f"	3567	"Dandora"	"da8c6b7"	"Phase3"	1	36	1		76	44	0	8	7	3	1	""	1	1	0	0	1	0	1	0	1		560	560	0	350	0					20	0		75		2	"96"	0	0	0	0	0	0	0	0	0	0	0	0	1		"96"	0	0	0	0	0	0	0	0	0	0	0	0	1	70	1	50	70	"4"	0	0	0	1	0	0	0	0	0	0	"When boiling cereals."	450	2018	12	48	1	""	2500	"97"	0	0	0	0	0	0	0	0	0	0	0	0	0	0	0	0	0	0	0	0	0	0	0	0	0	0	0	0	0	0	0	0	0	0	0	0	0	0	0	0	0	0	0	0	0	0	0	0	1	300	97	0	0	0	0	0	0	0	0	0	0	0	0	0	0	0	0	0	0	0	0	0	0	0	0	0	0	0	0	0	0	0	0	0	0	0	0	0	0	0	0	0	0	0	0	0	0	0	0	1	900	"7"	0	0	0	0	0	0	0	0	0	0	1	0	0	0	1	1	"96"	0	0	0	1	1	"96"	0	0	0	0	0	0	1	"96"	0	0	0	0	0	0	1	2	2000	5	4	2	""												"4"	0	0	0	1	0	"1"	1	0	0	0	0	0	0	0	0	0	0	"1"	1	0	0	0	0	0	0	0	0	0	0	0			0			0	4	1	3	4	0	1220	105	208	1235	10470	333	-999	850	-999	""	1629	"3 6 7"	0	0	0	0	1	0	0	1	1	0	0	0	0	"1 5"	1	0	0	0	1	0	0	0	0	"Cooks faster"	5	""	144	0	0	0	0	0	0	3	2	4	1	100	13440	9600								2	5	10	3										0	0	0	0	0	0	0	2	5	10	3	0	0	0	0	0	0	0	0	0	20		2384	16	8	7	8	4	12	9	12	2837	100	1	300	300	400	700		3112	2	3560	"uuid:bc9c4402-e2eb-49f1-9d6d-0358c5c19430"	1904231931	"uuid:bc9c4402-e2eb-49f1-9d6d-0358c5c19430"
"Apr 26, 2019 4:58:13 PM"	"Apr 26, 2019"	"60:a4:4c:96:97:4f"	3847	"Dandora"	"b4953ca"	"Phase3"	1	40	1		85	42	0	4	2	3	1	""	1	1	0	1	1	0	1	0	0		840	0		250				200		20			108		2	"96"	0	0	0	0	0	0	0	0	0	0	0	0	1		"96"	0	0	0	0	0	0	0	0	0	0	0	0	1	70	1	50	90	"97"	0	0	0	0	0	0	0	0	1	0	"She operates a daycare from home and therefore uses much charcoal to cook porriage for the children."	450	2015	6	4	1	""	5000	"97"	0	0	0	0	0	0	0	0	0	0	0	0	0	0	0	0	0	0	0	0	0	0	0	0	0	0	0	0	0	0	0	0	0	0	0	0	0	0	0	0	0	0	0	0	0	0	0	0	1	500	21	0	0	0	0	0	0	0	0	0	0	0	0	0	0	0	0	0	0	0	0	0	0	0	1	0	0	0	0	0	0	0	0	0	0	0	0	0	0	0	0	0	0	0	0	0	0	0	0	0	800	"6"	0	0	0	0	0	0	0	0	0	1	0	0	0	0	0	98	"3"	0	0	1	0	0	"6"	0	0	0	0	0	1	0	"96"	0	0	0	0	0	0	1	2	-999	2	2	2	"6"	0	0	0	0	0	1	0	0	0	0	0	""						"6"	0	0	0	0	0	1	0	0	0	0	0	"6"	0	0	0	0	0	1	0	0	0	0	0		6000	6000				0	0	0	12	0	0	1262	105	208	1011.75	-999	-999	-999	8508.5	963.3	""	1815	"3"	0	0	0	0	1	0	0	0	0	0	0	0	0	"1"	1	0	0	0	0	0	0	0	0	""	5	""	480	0	0	0	1	0	0	3	2	1	1	100	20160	14400												3	7	4	5	1	0				0	0	0	0	0	0	0	0	0	0	0	3	7	4	5	1	0	0	0	0	20		2494	18	15	11	9	10	8	9	9	3055	100	0	300	300	400	700		3324	3	3845	"uuid:c69e5e99-ae41-41dc-8126-99cc7250c0a6"	1904231931	"uuid:c69e5e99-ae41-41dc-8126-99cc7250c0a6"
"Apr 26, 2019 5:00:30 PM"	"Apr 26, 2019"	"3.55277E+14"	3194	"Mukuru"	"9bbabeb"	"SisalAandB"	1	18	1		230	36	0	8	4	3	1	""	1	0	0	0	1	0	1	0	0		800	800								60			200		9	"96"	0	0	0	0	0	0	0	0	0	0	0	0	1		"96"	0	0	0	0	0	0	0	0	0	0	0	0	1	2500	4	1300	3000	"4 6"	0	0	0	1	0	1	0	0	0	0	""	350	2016	4	32	0	""	0	"13"	0	0	0	0	0	0	0	0	0	0	0	0	0	0	1	0	0	0	0	0	0	0	0	0	0	0	0	0	0	0	0	0	0	0	0	0	0	0	0	0	0	0	0	0	0	0	0	0	0	1000	96	1	0	0	0	0	0	0	0	0	0	0	0	0	0	0	0	0	0	0	0	0	0	0	0	0	0	0	0	0	0	0	0	0	0	0	0	0	0	0	0	0	0	0	0	0	0	0	0	0	0	"6 7"	0	0	0	0	0	0	0	0	0	1	1	0	0	0	1	1	"3"	0	0	1	0	1	"1"	1	0	0	0	0	0	0	"6"	0	0	0	0	0	1	0	1	1500	4	2	1	"1"	1	0	0	0	0	0	0	0	0	0	0	""						""												"1"	1	0	0	0	0	0	0	0	0	0	0	-88	5600	10000	-88	20000		2	1	6	0	3	0	1532	105	208	123500	-999	-999	-999	950	125	""	2355	"9"	0	0	0	0	0	0	0	0	0	0	1	0	0	"1"	1	0	0	0	0	0	0	0	0	""	4	""	104	0	0	0	1	0	0	3	3	3	3	1500	19200	10000									0	0	20	0	0	0	0	0					0	0	0	0	0	0	0	0	0	0	20	0	0	0	0	0	0	0	0	0	20		2731	7	5	11	21	16	7	19	20	2994	200	0	200	600	300	900		3068	1	3185	"uuid:d16bae63-67f1-4f77-9d9d-6c54f0c92155"	1904231931	"uuid:d16bae63-67f1-4f77-9d9d-6c54f0c92155"
"Apr 26, 2019 5:00:34 PM"	"Apr 26, 2019"	"3.55277E+14"	2409	"Mukuru"	"376bb12"	"SisalAandB"	1	52	1		56	10	0	6	4	3	1	""	1	1	0	0	1	0	1	0	0		560	560		200						10			75		2	"2"	1	0	0	0	0	0	0	0	0	0	0	0	0		"96"	0	0	0	0	0	0	0	0	0	0	0	0	1	80	1	80	1000	"6 8"	0	0	0	0	0	1	0	1	0	0	""	450	2013	5	52	0	""	0	"50"	0	0	0	0	0	0	0	0	0	0	0	0	0	0	0	0	0	0	0	0	0	0	0	0	0	0	0	0	0	0	0	0	0	0	0	0	0	0	0	0	0	0	0	0	0	0	0	1	0	0	7	0	0	1	0	0	0	0	0	0	0	0	0	0	0	0	0	0	0	0	0	0	0	0	0	0	0	0	0	0	0	0	0	0	0	0	0	0	0	0	0	0	0	0	0	0	0	0	0	0	400	"6"	0	0	0	0	0	0	0	0	0	1	0	0	0	0	1	1	"3"	0	0	1	0	1	"1"	1	0	0	0	0	0	0	"96"	0	0	0	0	0	0	1	1	1000	4	2	2	"5"	0	0	0	0	1	0	0	0	0	0	0	""						""												"1"	1	0	0	0	0	0	0	0	0	0	0	0	3000	10000	8000	2000		3	3	3	0	3	0	1088	105	208	1011.75	10470	-999	-999	890	913.75	""	1824	"3 10"	0	0	0	0	1	0	0	0	0	0	0	1	0	"1 3"	1	0	1	0	0	0	0	0	0	""	4	""	104	0	0	0	1	0	0	4	4	3	4	150	13400	10000									5	12	3										0	0	0	0	0	0	0	0	5	12	3	0	0	0	0	0	0	0	0	0	20		2045	9	21	3	13	9	6	5	3	2158	400	0	0	1200	100	1300		2224	1	2407	"uuid:49f34627-2c1a-4293-be1e-7735c6e387c6"	1904231931	"uuid:49f34627-2c1a-4293-be1e-7735c6e387c6"
"Apr 26, 2019 5:00:35 PM"	"Apr 26, 2019"	"3.55277E+14"	2456	"Mukuru"	"7a3afaf"	"SisalAandB"	1	60	1		66	3	0	7	5	3	1	""	1	1	0	0	1	0	1	0	0		840	840		200						20			100		2	"2"	1	0	0	0	0	0	0	0	0	0	0	0	0		"96"	0	0	0	0	0	0	0	0	0	0	0	0	1	80	1	80	80	"2 6"	0	1	0	0	0	1	0	0	0	0	""	250	2016	7	52	1	""	2000	"12"	0	0	0	0	0	0	0	0	0	0	0	0	0	1	0	0	0	0	0	0	0	0	0	0	0	0	0	0	0	0	0	0	0	0	0	0	0	0	0	0	0	0	0	0	0	0	0	0	0	500	72	0	0	0	0	0	0	0	0	0	0	0	0	0	0	0	0	0	0	0	0	0	0	0	0	0	0	0	1	0	0	0	0	0	0	0	0	0	0	0	0	0	0	0	0	0	0	0	0	0	600	"7"	0	0	0	0	0	0	0	0	0	0	1	0	0	0	0	0	"3"	0	0	1	0	0	"3 6"	0	0	1	0	0	1	0	"96"	0	0	0	0	0	0	1	2	0	4	4	2	"6"	0	0	0	0	0	1	0	0	0	0	0	""						"6"	0	0	0	0	0	1	0	0	0	0	0	"6"	0	0	0	0	0	1	0	0	0	0	0		200	5000			5000	0	0	10	0	2	0	1128	105	208	61750	-999	999	-999	850	845	""	1577	"9 10"	0	0	0	0	0	0	0	0	0	0	1	1	0	"1 7"	1	0	0	0	0	0	1	0	0	""	5	""	156	1	0	0	0	0	0	3	3	1	1	200	2880	1440		15	5																		0	15	5	0	0	0	0	0	0	0	0	0	0	0	0	0	0	0	0	0	20		1833	6	21	3	21	5	2	1	3	1989	100	1	300	300	400	700		2151	4	2443	"uuid:96dccae8-e6a5-4dc1-b77e-8582ba6356bf"	1904231931	"uuid:96dccae8-e6a5-4dc1-b77e-8582ba6356bf"
"Apr 26, 2019 5:03:15 PM"	"Apr 26, 2019"	"3.55889E+14"	3576	"Dandora"	"4dc9196"	"Kosovo"	1	25	1		28	44	0	3	2	3	1	""	1	1	0	0	0	0	1	0	0		320	320		150									50		3	"9 11"	0	0	0	0	0	0	0	0	1	1	0	0	0		"9 11"	0	0	0	0	0	0	0	0	1	1	0	0	0	320	1	320	400	"2 8"	0	1	0	0	0	0	0	1	0	0	""	250	2016	6	156	1	""	2800	"7"	0	0	1	0	0	0	0	0	0	0	0	0	0	0	0	0	0	0	0	0	0	0	0	0	0	0	0	0	0	0	0	0	0	0	0	0	0	0	0	0	0	0	0	0	0	0	0	0	0	1400	96	1	0	0	0	0	0	0	0	0	0	0	0	0	0	0	0	0	0	0	0	0	0	0	0	0	0	0	0	0	0	0	0	0	0	0	0	0	0	0	0	0	0	0	0	0	0	0	0	0	0	"6"	0	0	0	0	0	0	0	0	0	1	0	0	0	0	1	1	"1"	1	0	0	0	0	"1"	1	0	0	0	0	0	0	"96"	0	0	0	0	0	0	1	1	500	2	2	2	"1"	1	0	0	0	0	0	0	0	0	0	0	""						""												"1"	1	0	0	0	0	0	0	0	0	0	0	5000	1500	1500		0		0	0	3	0	9	0	920	105	48	1011.75	2094	1665	-999	935	913.75	""	1836	"21 4 5"	0	0	1	0	0	1	1	0	0	0	0	0	0	"1 3 5"	1	0	1	0	1	0	0	0	0	""	4	""	260	0	0	0	0	0	0	4	4	3	1	40	7600	5000					6	6	8														0	0	0	0	6	6	8	0	0	0	0	0	0	0	0	0	0	0	0	0	20		2517	1	1	1	1	1	3	1	3	2662	100	0	300	300	400	700		3033	1	2875	"uuid:b21d25ec-f41a-4a0a-a89b-c19e46ed6c09"	1904231931	"uuid:b21d25ec-f41a-4a0a-a89b-c19e46ed6c09"
"Apr 26, 2019 5:03:20 PM"	"Apr 26, 2019"	"3.55889E+14"	2968	"Dandora"	"a1c5e9c"	"Kosovo"	1	45	1		51	44	0	2	0	3	1	""	1	0	0	0	0	0	1	0	0		300	300											50		3	"96"	0	0	0	0	0	0	0	0	0	0	0	0	1		"9 11"	0	0	0	0	0	0	0	0	1	1	0	0	0	300	1	150	300	"2 4"	0	1	0	1	0	0	0	0	0	0	""	350	2018	8	156	1	""	3000	"96"	1	0	0	0	0	0	0	0	0	0	0	0	0	0	0	0	0	0	0	0	0	0	0	0	0	0	0	0	0	0	0	0	0	0	0	0	0	0	0	0	0	0	0	0	0	0	0	0	0	0	7	0	0	1	0	0	0	0	0	0	0	0	0	0	0	0	0	0	0	0	0	0	0	0	0	0	0	0	0	0	0	0	0	0	0	0	0	0	0	0	0	0	0	0	0	0	0	0	0	0	14000	"8"	0	0	0	0	0	0	0	0	0	0	0	1	0	0	1	0	"96"	0	0	0	1	0	"96"	0	0	0	0	0	0	1	"96"	0	0	0	0	0	0	1	1	-999	4	4	4	""												"2"	0	1	0	0	0	""												"1"	1	0	0	0	0	0	0	0	0	0	0	0						0	1	3	0	8	0	773	105	208	1011.75	2094	2885	300	85	63.75	""	1455	"20 21 3 4"	0	1	1	0	1	1	0	0	0	0	0	0	0	"1 3 4 5"	1	0	1	1	1	0	0	0	0	""	3	""	208	0	0	0				3	4	3	4	50	7200	3000			2	2	4	12															0	0	2	2	4	12	0	0	0	0	0	0	0	0	0	0	0	0	0	0	20		1872	1	1	3	1	3	2	1	3	1927	300	1	100	900	200	1100		2320	1	2966	"uuid:acb1728b-dba4-4714-bdaa-1124dbe45236"	1904231931	"uuid:acb1728b-dba4-4714-bdaa-1124dbe45236"
"Apr 26, 2019 5:08:25 PM"	"Apr 26, 2019"	"dba465a14510b5e"	2771	"Dandora"	"ac77cda"	"Moroto"	1	37	1		68	44	0	4	1	3	1	""	1	1	0	0	0	0	1	0	1		630	630	0	175	0								0		2	"96"	0	0	0	0	0	0	0	0	0	0	0	0	1		"96"	0	0	0	0	0	0	0	0	0	0	0	0	1	90	1	90	100	"96"	0	0	0	0	0	0	0	0	0	1	""	-999	2014	6	16	0	""	2000	"7 97"	0	0	1	0	0	0	0	0	0	0	0	0	0	0	0	0	0	0	0	0	0	0	0	0	0	0	0	0	0	0	0	0	0	0	0	0	0	0	0	0	0	0	0	0	0	0	0	0	1	300	97	0	0	0	0	0	0	0	0	0	0	0	0	0	0	0	0	0	0	0	0	0	0	0	0	0	0	0	0	0	0	0	0	0	0	0	0	0	0	0	0	0	0	0	0	0	0	0	0	1	600	"31"	0	0	0	0	1	0	0	0	0	0	0	0	0	0	1	1	"1 3"	1	0	1	0	0	"6"	0	0	0	0	0	1	0	"96"	0	0	0	0	0	0	1	1	500	1	1	1	"6"	0	0	0	0	0	1	0	0	0	0	0	""						""												"1"	1	0	0	0	0	0	0	0	0	0	0	500	400	10000				0	0	3	3	3	3	862	105	208	1011.75	2094	1665	490	925	913.75	""	1070	"6 7"	0	0	0	0	0	0	0	1	1	0	0	0	0	"1"	1	0	0	0	0	0	0	0	0	""	4	""	520	0	0	0	0	0	0	4	3	2	2	0	16380	7280						0	0	2	2	2	2	4	0	8							0	0	0	0	0	0	0	2	2	2	2	4	0	8	0	0	0	0	0	0	20		1437	8	10	12	12	15	13	19	12	2039	400	0	0	1200	100	1300		2200	1	2634	"uuid:94c13dd4-2040-478b-a8fa-f3236b583859"	1904231931	"uuid:94c13dd4-2040-478b-a8fa-f3236b583859"
"Apr 26, 2019 5:08:25 PM"	"Apr 26, 2019"	"dba465a14510b5e"	2549	"Dandora"	"03dc4f2"	"Moroto"	1	15	1		43	37	0	4	3	3	1	""	1	1	0	1	0	0	1	0	0		700	700		175				150					50		2	"96"	0	0	0	0	0	0	0	0	0	0	0	0	1		"96"	0	0	0	0	0	0	0	0	0	0	0	0	1	100	1	80	100	"4"	0	0	0	1	0	0	0	0	0	0	""	250	2017	3	40	1	""	4000	"7"	0	0	1	0	0	0	0	0	0	0	0	0	0	0	0	0	0	0	0	0	0	0	0	0	0	0	0	0	0	0	0	0	0	0	0	0	0	0	0	0	0	0	0	0	0	0	0	0	0	500	96	1	0	0	0	0	0	0	0	0	0	0	0	0	0	0	0	0	0	0	0	0	0	0	0	0	0	0	0	0	0	0	0	0	0	0	0	0	0	0	0	0	0	0	0	0	0	0	0	0	500	"32"	0	0	0	0	0	1	0	0	0	0	0	0	0	0	1	0	"3"	0	0	1	0	0	"4"	0	0	0	1	0	0	0	"96"	0	0	0	0	0	0	1	1	-999	4	2	1	"1"	1	0	0	0	0	0	0	0	0	0	0	""						""												"1"	1	0	0	0	0	0	0	0	0	0	0	1000	300	1200			2000	1	2	2	3	3	1	946	105	288	859	3000	-999	-999	-999	-999	""	1239	"6"	0	0	0	0	0	0	0	1	0	0	0	0	0	"1 5"	1	0	0	0	1	0	0	0	0	""	5	""	260	1	0	0	0	0	0	5	5	2	2	0	18200	7200						0	0	0	0	0	0	5	5	5	5						0	0	0	0	0	0	0	0	0	0	0	5	5	5	5	0	0	0	0	0	20		1555	12	14	13	15	14	13	14	13	1715	400	1	0	1200	100	1300		1770	2	2547	"uuid:6d3206a6-735b-4c72-8bed-3fb119ae5fba"	1904231931	"uuid:6d3206a6-735b-4c72-8bed-3fb119ae5fba"
"Apr 26, 2019 5:08:26 PM"	"Apr 26, 2019"	"dba465a14510b5e"	3505	"Dandora"	"b4b5e55"	"Moroto"	1	15	1		46	42	0	4	2	3	1	""	1	1	0	1	0	0	1	0	0		600	600		350				100					50		3	"96"	0	0	0	0	0	0	0	0	0	0	0	0	1		"96"	0	0	0	0	0	0	0	0	0	0	0	0	1	100	1	90	100	"4"	0	0	0	1	0	0	0	0	0	0	""	250	2018	4	8	1	""	2500	"96"	1	0	0	0	0	0	0	0	0	0	0	0	0	0	0	0	0	0	0	0	0	0	0	0	0	0	0	0	0	0	0	0	0	0	0	0	0	0	0	0	0	0	0	0	0	0	0	0	0	0	73	0	0	0	0	0	0	0	0	0	0	0	0	0	0	0	0	0	0	0	0	0	0	0	0	0	0	0	0	1	0	0	0	0	0	0	0	0	0	0	0	0	0	0	0	0	0	0	0	0	300	"4"	0	0	0	0	0	0	0	1	0	0	0	0	0	0	1	1	"3"	0	0	1	0	0	"3"	0	0	1	0	0	0	0	"96"	0	0	0	0	0	0	1	1	-999	4	2	1	"9"	0	0	0	0	0	0	0	0	1	0	0	""						""												"6"	0	0	0	0	0	1	0	0	0	0	0	50	200	2500			1500	2	3	2	2	3	0	812	105	208	61.75	-999	333	450	890	870	""	1462	"8"	0	0	0	0	0	0	0	0	0	1	0	0	0	"1"	1	0	0	0	0	0	0	0	0	""	4	""	104	0	0	0	0	0	3	3	3	1	1	0	15600	10000									8	4	3	3	2								0	0	0	0	0	0	0	0	8	4	3	3	2	0	0	0	0	0	0	0	20		1889	7	9	13	4	21	4	11	16	2394	150	1	250	450	350	800		2685	2	3502	"uuid:4a4e9ae3-119a-4f36-bccd-6a8c40506514"	1904231931	"uuid:4a4e9ae3-119a-4f36-bccd-6a8c40506514"
"Apr 26, 2019 5:22:08 PM"	"Apr 26, 2019"	"8.68912E+14"	4786	"Dandora"	"dd4f139"	"Phase3"	1	69	1		554	3	0	5	3	3	1	""	1	0	0	1	1	0	1	0	0		1680	1120						70		20			75		2	"96"	0	0	0	0	0	0	0	0	0	0	0	0	1		"96"	0	0	0	0	0	0	0	0	0	0	0	0	1	80	1	80	90	"5"	0	0	0	0	1	0	0	0	0	0	""	300	2019	4	12	3	""	5000	"7"	0	0	1	0	0	0	0	0	0	0	0	0	0	0	0	0	0	0	0	0	0	0	0	0	0	0	0	0	0	0	0	0	0	0	0	0	0	0	0	0	0	0	0	0	0	0	0	0	0	500	199	0	0	0	0	0	0	0	0	0	0	0	0	0	0	0	0	0	0	0	0	0	1	0	0	0	0	0	0	0	0	0	0	0	0	0	0	0	0	0	0	0	0	0	0	0	0	0	0	0	-888	"6"	0	0	0	0	0	0	0	0	0	1	0	0	0	0	1	1	"1"	1	0	0	0	0	"1"	1	0	0	0	0	0	0	"96"	0	0	0	0	0	0	1	3	700	4	2	1	"1"	1	0	0	0	0	0	0	0	0	0	0	""						""												"1"	1	0	0	0	0	0	0	0	0	0	0	900	7200	7200		700		1	4	0	0	4	3	1474	105	208	627.45	-999	-999	-999	-999	-999	""	2035	"3"	0	0	0	0	1	0	0	0	0	0	0	0	0	"1 5"	1	0	0	0	1	0	0	0	0	""	4	""	52	1	0	8	0	0	0	3	2	2	2	0	15000	5000					0	5	4	0	9	0	2	0									0	0	0	0	0	5	4	0	9	0	2	0	0	0	0	0	0	0	0	0	20		2846	1	5	6	3	3	3	4	3	3723	100	1	300	300	400	700		3910	1	4783	"uuid:16de09de-3bcb-46c7-811c-92529bab747b"	1904231931	"uuid:16de09de-3bcb-46c7-811c-92529bab747b"
"Apr 26, 2019 5:22:09 PM"	"Apr 26, 2019"	"8.68912E+14"	4754	"Dandora"	"3.80E+07"	"Phase3"	1	115	1		527	44	0	5	3	3	1	""	1	0	0	1	1	0	1	0	0		1050	1050						88		20			100		2	"96"	0	0	0	0	0	0	0	0	0	0	0	0	1		"96"	0	0	0	0	0	0	0	0	0	0	0	0	1	80	1	80	90	"96"	0	0	0	0	0	0	0	0	0	1	""	2000	2016	3	52	0	""	6000	"96"	1	0	0	0	0	0	0	0	0	0	0	0	0	0	0	0	0	0	0	0	0	0	0	0	0	0	0	0	0	0	0	0	0	0	0	0	0	0	0	0	0	0	0	0	0	0	0	0	0	0	72	0	0	0	0	0	0	0	0	0	0	0	0	0	0	0	0	0	0	0	0	0	0	0	0	0	0	0	1	0	0	0	0	0	0	0	0	0	0	0	0	0	0	0	0	0	0	0	0	0	1200	"7 8"	0	0	0	0	0	0	0	0	0	0	1	1	0	0	1	1	"3"	0	0	1	0	1	"1"	1	0	0	0	0	0	0	"96"	0	0	0	0	0	0	1	3	2500	5	2	1	"3"	0	0	1	0	0	0	0	0	0	0	0	""						""												"3"	0	0	1	0	0	0	0	0	0	0	0	400	1000	3000	0	2500		0	3	2	1	6	0	1887	105	-999	-999	-999	-999	440	980	875	""	2457	"7"	0	0	0	0	0	0	0	0	1	0	0	0	0	"1 7"	1	0	0	0	0	0	1	0	0	""	4	""	104	0	0	0	0	0	0	2	3	3	3	0	7000	5000					15	5															0	0	0	0	15	5	0	0	0	0	0	0	0	0	0	0	0	0	0	0	20		2910	14	1	3	16	4	20	10	5	4037	100	1	300	300	400	700		4188	1	4752	"uuid:7b65f0c1-d63e-468c-8f01-e10580bb56f2"	1904231931	"uuid:7b65f0c1-d63e-468c-8f01-e10580bb56f2"
"Apr 26, 2019 5:28:30 PM"	"Apr 26, 2019"	"8.68912E+14"	2657	"Mukuru"	"4183f04"	"SisalAandB"	1	56	1		183	3	0	4	2	3	1	""	1	1	0	0	1	0	1	0	0		560	560		210						50			76		2	"4 9 11"	0	0	1	0	0	0	0	0	1	1	0	0	0		"4 11"	0	0	1	0	0	0	0	0	0	1	0	0	0	100	1	80	120	"2 4 6"	0	1	0	1	0	1	0	0	0	0	""	250	2018	12	8	3	""	2000	"7"	0	0	1	0	0	0	0	0	0	0	0	0	0	0	0	0	0	0	0	0	0	0	0	0	0	0	0	0	0	0	0	0	0	0	0	0	0	0	0	0	0	0	0	0	0	0	0	0	0	500	9	0	0	0	0	0	0	0	0	0	1	0	0	0	0	0	0	0	0	0	0	0	0	0	0	0	0	0	0	0	0	0	0	0	0	0	0	0	0	0	0	0	0	0	0	0	0	0	0	0	500	"0 2"	1	0	0	1	0	0	0	0	0	0	0	0	0	0	1	1	"3"	0	0	1	0	0	"2"	0	1	0	0	0	0	0	"2"	0	1	0	0	0	0	0	3	2000	4	2	2	"1"	1	0	0	0	0	0	0	0	0	0	0	""						""												"1"	1	0	0	0	0	0	0	0	0	0	0	0	2000	10000		20000		5	0	0	0	5	2	999	105	208	1235	-999	-999	-999	-999	-999	""	1390	"3 4 6"	0	0	0	0	1	1	0	1	0	0	0	0	0	"1 5 6"	1	0	0	0	1	1	0	0	0	""	5	""	104	0	0	0	0	0	0	5	5	5	2	500	14280	9800								5	2	1	5	7									0	0	0	0	0	0	0	5	2	1	5	7	0	0	0	0	0	0	0	0	20		1858	6	6	8	14	12	10	9	9	2227	0	0	400	0	500	500		2375	1	2655	"uuid:0dc00ddd-5974-4ed6-9f1b-b6fd828da191"	1904231931	"uuid:0dc00ddd-5974-4ed6-9f1b-b6fd828da191"
"Apr 26, 2019 5:28:31 PM"	"Apr 26, 2019"	"8.68912E+14"	3505	"Mukuru"	"a058a01"	"SisalAandB"	1	22	1		105	3	0	4	2	3	1	""	1	0	0	0	1	0	1	0	0		1050	1050								30			58		2	"9"	0	0	0	0	0	0	0	0	1	0	0	0	0		"96"	0	0	0	0	0	0	0	0	0	0	0	0	1	50	6	50	60	"2"	0	1	0	0	0	0	0	0	0	0	""	450	2016	4	0	1	""	1200	"7"	0	0	1	0	0	0	0	0	0	0	0	0	0	0	0	0	0	0	0	0	0	0	0	0	0	0	0	0	0	0	0	0	0	0	0	0	0	0	0	0	0	0	0	0	0	0	0	0	0	300	17	0	0	0	0	0	0	0	0	0	0	0	0	0	0	0	0	0	0	1	0	0	0	0	0	0	0	0	0	0	0	0	0	0	0	0	0	0	0	0	0	0	0	0	0	0	0	0	0	0	200	"6 7"	0	0	0	0	0	0	0	0	0	1	1	0	0	0	1	0	"1 3"	1	0	1	0	0	"96"	0	0	0	0	0	0	1	"96"	0	0	0	0	0	0	1	3	-999	5	4	2	""												"2"	0	1	0	0	0	""												"1"	1	0	0	0	0	0	0	0	0	0	0	0	150	500				2	3	2	0	5	0	1344	105	208	1011.75	2094	555	-999	1050	901.1	""	1946	"3 9"	0	0	0	0	1	0	0	0	0	0	1	0	0	"1 4 5"	1	0	0	1	1	0	0	0	0	""	5	""	104	1	1	72	0	0	0	4	4	5	2	400	20160	10080									4	2	3	4	6	0	0	0	1				0	0	0	0	0	0	0	0	4	2	3	4	6	0	0	0	1	0	0	0	20		2354	6	5	9	21	21	21	21	21	2549	400	1	0	1200	100	1300		2848	1	3163	"uuid:90ad2221-f2b3-4a65-b449-8352cc905e4a"	1904231931	"uuid:90ad2221-f2b3-4a65-b449-8352cc905e4a"
"Apr 26, 2019 5:28:33 PM"	"Apr 26, 2019"	"8.68912E+14"	2521	"Mukuru"	"4d02ce4"	"SisalAandB"	1	40	1		196	36	1	2	0	3	1	""	1	1	0	0	1	0	1	0	0		630	630		150						20			43		2	"96"	0	0	0	0	0	0	0	0	0	0	0	0	1		"96"	0	0	0	0	0	0	0	0	0	0	0	0	1	100	2	100	100	"2 4 6"	0	1	0	1	0	1	0	0	0	0	""	250	2017	2	8	1	""	2000	"7 199"	0	0	1	0	0	0	0	0	0	0	0	0	0	0	0	0	0	0	0	0	0	1	0	0	0	0	0	0	0	0	0	0	0	0	0	0	0	0	0	0	0	0	0	0	0	0	0	0	0	400	50	0	0	0	0	0	0	0	0	0	0	0	0	0	0	0	0	0	0	0	0	0	0	0	0	0	0	0	0	0	0	0	0	0	0	0	0	0	0	0	0	0	0	0	0	0	0	0	1	0	0	"2"	0	0	0	1	0	0	0	0	0	0	0	0	0	0	1	1	"96"	0	0	0	1	0	"3 4"	0	0	1	1	0	0	0	"96"	0	0	0	0	0	0	1	2	3000	5	4	2	"5"	0	0	0	0	1	0	0	0	0	0	0	""						"1"	1	0	0	0	0	0	0	0	0	0	0	"1"	1	0	0	0	0	0	0	0	0	0	0	12					-88	6	0	0	0	6	0	1198	105	208	1011.75	2094	-999	-999	935	914	""	1302	"4 7"	0	0	0	0	0	1	0	0	1	0	0	0	0	"1 4 7"	1	0	0	1	0	0	1	0	0	""	5	""	520	1	1	0				2	2	2	1	-999	14600	14600												20									0	0	0	0	0	0	0	0	0	0	0	20	0	0	0	0	0	0	0	0	20		1743	7	13	20	1	1	1	1	1	1930	0	0	400	0	500	500		2106	1	2507	"uuid:aa0a623a-ad60-422b-b529-38b6eb456ab0"	1904231931	"uuid:aa0a623a-ad60-422b-b529-38b6eb456ab0"
"Apr 26, 2019 5:37:10 PM"	"Apr 26, 2019"	"3.55532E+14"	4213	"Dandora"	"efada22"	"Phase5"	1	20	1		51	44	0	5	1	3	1	""	1	1	0	0	1	0	1	0	0		945	945		140						10			100		2	"96"	0	0	0	0	0	0	0	0	0	0	0	0	1		"96"	0	0	0	0	0	0	0	0	0	0	0	0	1	90	1	50	120	"2 6"	0	1	0	0	0	1	0	0	0	0	""	350	2017	12	48	1	""	5000	"19"	0	0	0	0	0	0	0	0	0	0	0	0	0	0	0	0	0	0	0	0	1	0	0	0	0	0	0	0	0	0	0	0	0	0	0	0	0	0	0	0	0	0	0	0	0	0	0	0	0	600	7	0	0	1	0	0	0	0	0	0	0	0	0	0	0	0	0	0	0	0	0	0	0	0	0	0	0	0	0	0	0	0	0	0	0	0	0	0	0	0	0	0	0	0	0	0	0	0	0	0	1000	"11"	0	0	1	0	0	0	0	0	0	0	0	0	0	0	1	1	"2"	0	1	0	0	1	"5"	0	0	0	0	1	0	0	"1"	1	0	0	0	0	0	0	2	8000	2	2	2	"6"	0	0	0	0	0	1	0	0	0	0	0	""						"6"	0	0	0	0	0	1	0	0	0	0	0	"6"	0	0	0	0	0	1	0	0	0	0	0	800	1000	-99	22000			0	0	5	4	2	1	1502	105	208	1011.75	2094	1665	-999	935	913.75	""	2231	"9"	0	0	0	0	0	0	0	0	0	0	1	0	0	"1"	1	0	0	0	0	0	0	0	0	""	3	""	104	0	0	0	0	0	0	5	5	4	5	0	33030	23855																				20	0	0	0	0	0	0	0	0	0	0	0	0	0	0	0	0	0	0	0	20	20		2830	11	3	21	21	11	11	1	3	3785	0	1	400	0	500	500		3872	1	4211	"uuid:8f58bd62-3933-4f1c-be3d-9bb832958050"	1904231931	"uuid:8f58bd62-3933-4f1c-be3d-9bb832958050"
"Apr 26, 2019 5:37:10 PM"	"Apr 26, 2019"	"3.55532E+14"	4201	"Dandora"	"f0179cd"	"Phase5"	1	33	1		62	9	0	4	2	3	1	""	1	1	0	1	0	0	1	1	0		945	945		350				200					500	40	1	"96"	0	0	0	0	0	0	0	0	0	0	0	0	1		"96"	0	0	0	0	0	0	0	0	0	0	0	0	1	90	1	60	90	"1"	1	0	0	0	0	0	0	0	0	0	""	280	2018	2	28	2	""	4000	"199"	0	0	0	0	0	0	0	0	0	0	0	0	0	0	0	0	0	0	0	0	0	1	0	0	0	0	0	0	0	0	0	0	0	0	0	0	0	0	0	0	0	0	0	0	0	0	0	0	0	1500	96	1	0	0	0	0	0	0	0	0	0	0	0	0	0	0	0	0	0	0	0	0	0	0	0	0	0	0	0	0	0	0	0	0	0	0	0	0	0	0	0	0	0	0	0	0	0	0	0	0	0	"6"	0	0	0	0	0	0	0	0	0	1	0	0	0	0	1	0	"2 3"	0	1	1	0	1	"5"	0	0	0	0	1	0	0	"96"	0	0	0	0	0	0	1	1	-999	5	4	2	"1"	1	0	0	0	0	0	0	0	0	0	0	""						""												"1"	1	0	0	0	0	0	0	0	0	0	0	0	2000	50000	0			2	0	2	4	2	2	1767	105	1680	-999	-999	-999	-999	-999	-999	""	2162	"9"	0	0	0	0	0	0	0	0	0	0	1	0	0	"1"	1	0	0	0	0	0	0	0	0	""	3	""	104	1	0	0	0	0	0	3	3	3	3	1000	33030	24772																				20	0	0	0	0	0	0	0	0	0	0	0	0	0	0	0	0	0	0	0	20	20		2812		9	1	1	9	9	9	9	3704	50	0	350	150	450	600		3990	1	4199	"uuid:dd4f12e7-f7b3-455b-9bdf-27e9a26e4451"	1904231931	"uuid:dd4f12e7-f7b3-455b-9bdf-27e9a26e4451"
"Apr 26, 2019 5:37:11 PM"	"Apr 26, 2019"	"3.55532E+14"	4375	"Dandora"	"f5c4812"	"Phase5"	1	41	1		85	3	0	6	2	3	1	""	1	1	0	1	1	0	1	0	0		590	590		350				190		10			50		2	"96"	0	0	0	0	0	0	0	0	0	0	0	0	1		"96"	0	0	0	0	0	0	0	0	0	0	0	0	1	90	1	90	100	"2 6"	0	1	0	0	0	1	0	0	0	0	""	450	2018	3	32	1	""	5000	"7"	0	0	1	0	0	0	0	0	0	0	0	0	0	0	0	0	0	0	0	0	0	0	0	0	0	0	0	0	0	0	0	0	0	0	0	0	0	0	0	0	0	0	0	0	0	0	0	0	0	200	7	0	0	1	0	0	0	0	0	0	0	0	0	0	0	0	0	0	0	0	0	0	0	0	0	0	0	0	0	0	0	0	0	0	0	0	0	0	0	0	0	0	0	0	0	0	0	0	0	0	250	"6"	0	0	0	0	0	0	0	0	0	1	0	0	0	0	1	1	"3"	0	0	1	0	1	"6"	0	0	0	0	0	1	0	"96"	0	0	0	0	0	0	1	2	500	5	4	4	"5"	0	0	0	0	1	0	0	0	0	0	0	""						"6"	0	0	0	0	0	1	0	0	0	0	0	"1"	1	0	0	0	0	0	0	0	0	0	0	2	450	50000	-99			3	0	3	3	3	0	1406	105	208	-999	2094	-999	-999	-999	-999	""	1737	"3"	0	0	0	0	1	0	0	0	0	0	0	0	0	"1"	1	0	0	0	0	0	0	0	0	""	3	""	104	1	0	0	0	0	0	4	4	4	5	250	22020	16515														8	0	8	4	0			0	0	0	0	0	0	0	0	0	0	0	0	0	8	0	8	4	0	0	0	20		2739	4	9	19	19	12	4	14	9	3706	50	1	350	150	450	600		4039	1	4373	"uuid:d5147ac4-6096-4670-a4c1-090c90726bb6"	1904231931	"uuid:d5147ac4-6096-4670-a4c1-090c90726bb6"
"Apr 26, 2019 5:49:33 PM"	"Apr 26, 2019"	"3.56213E+14"	3696	"Mukuru"	"8d0dd85"	"SisalAandB"	1	33	1		242	3	0	3	1	3	1	""	1	1	0	1	0	0	1	0	0		700	700		100				100					100		2	"9"	0	0	0	0	0	0	0	0	1	0	0	0	0		"96"	0	0	0	0	0	0	0	0	0	0	0	0	1	30	2	20	30	"5"	0	0	0	0	1	0	0	0	0	0	""	250	2017	98	30	1	""	1500	"7"	0	0	1	0	0	0	0	0	0	0	0	0	0	0	0	0	0	0	0	0	0	0	0	0	0	0	0	0	0	0	0	0	0	0	0	0	0	0	0	0	0	0	0	0	0	0	0	0	0	300	17	0	0	0	0	0	0	0	0	0	0	0	0	0	0	0	0	0	0	1	0	0	0	0	0	0	0	0	0	0	0	0	0	0	0	0	0	0	0	0	0	0	0	0	0	0	0	0	0	0	400	"7"	0	0	0	0	0	0	0	0	0	0	1	0	0	0	1	0	"3"	0	0	1	0	1	"96"	0	0	0	0	0	0	1	"96"	0	0	0	0	0	0	1	3	5000	4	4	4	""												"2"	0	1	0	0	0	""												"1"	1	0	0	0	0	0	0	0	0	0	0	4000	2000	3000	20000			6	3	0	3	0	0	1405	105	208	-999	-999	-999	-999	-999	-999	""	1880	"7"	0	0	0	0	0	0	0	0	1	0	0	0	0	"1"	1	0	0	0	0	0	0	0	0	""	4	""	104	1	1	0	0	0	0	3	3	3	3	400	18200	10000									20	0	0	0	0	0	0						0	0	0	0	0	0	0	0	20	0	0	0	0	0	0	0	0	0	0	0	20		2546	10	6	4	1	3	1	1	1	3202	100	1	300	300	400	700		3412	1	3569	"uuid:08b663b3-3f33-4762-b5e6-9e1489f04a9b"	1904231931	"uuid:08b663b3-3f33-4762-b5e6-9e1489f04a9b"
"Apr 26, 2019 5:49:34 PM"	"Apr 26, 2019"	"3.56213E+14"	3632	"Mukuru"	"3dccca2"	"SisalAandB"	1	15	1		72	9	0	4	2	3	1	""	1	1	0	0	0	0	1	0	0		350	350		50									63		2	"9"	0	0	0	0	0	0	0	0	1	0	0	0	0		"96"	0	0	0	0	0	0	0	0	0	0	0	0	1	50	1	30	70	"2"	0	1	0	0	0	0	0	0	0	0	""	500	-999	98	16	1	""	3000	"96"	1	0	0	0	0	0	0	0	0	0	0	0	0	0	0	0	0	0	0	0	0	0	0	0	0	0	0	0	0	0	0	0	0	0	0	0	0	0	0	0	0	0	0	0	0	0	0	0	0	0	7	0	0	1	0	0	0	0	0	0	0	0	0	0	0	0	0	0	0	0	0	0	0	0	0	0	0	0	0	0	0	0	0	0	0	0	0	0	0	0	0	0	0	0	0	0	0	0	0	0	300	"31"	0	0	0	0	1	0	0	0	0	0	0	0	0	0	1	0	"96"	0	0	0	1	0	"3"	0	0	1	0	0	0	0	"96"	0	0	0	0	0	0	1	3	-999	5	5	5	"6"	0	0	0	0	0	1	0	0	0	0	0	""						""												"1"	1	0	0	0	0	0	0	0	0	0	0	100					7000	4	5	1	2	0	0	72	105	208	1011.75	10470	9990	3560	85	64	""	72	"3"	0	0	0	0	1	0	0	0	0	0	0	0	0	"1 5"	1	0	0	0	1	0	0	0	0	""	5	""	52	0	0	0	0	0	0	1	1	1	1	0	9100	5000					5	15	0	0													0	0	0	0	5	15	0	0	0	0	0	0	0	0	0	0	0	0	0	0	20		72	18	21	21	19	5	3	19	6	72	100	0	300	300	400	700		72	2	72	"uuid:225f638a-4ab2-4778-b12b-c29cd4c1b2a3"	1904231931	"uuid:225f638a-4ab2-4778-b12b-c29cd4c1b2a3"
"Apr 26, 2019 5:49:37 PM"	"Apr 26, 2019"	"3.56213E+14"	3656	"Mukuru"	"3f3ba6b"	"SisalAandB"	1	19	1		512	3	0	4	2	3	1	""	1	1	0	0	0	0	1	0	0		560	560		300									50		2	"2"	1	0	0	0	0	0	0	0	0	0	0	0	0		"96"	0	0	0	0	0	0	0	0	0	0	0	0	1	80	1	60	100	"2"	0	1	0	0	0	0	0	0	0	0	""	300	2006	12	4	1	""	1500	"96"	1	0	0	0	0	0	0	0	0	0	0	0	0	0	0	0	0	0	0	0	0	0	0	0	0	0	0	0	0	0	0	0	0	0	0	0	0	0	0	0	0	0	0	0	0	0	0	0	0	0	9	0	0	0	0	0	0	0	0	0	1	0	0	0	0	0	0	0	0	0	0	0	0	0	0	0	0	0	0	0	0	0	0	0	0	0	0	0	0	0	0	0	0	0	0	0	0	0	0	0	500	"32"	0	0	0	0	0	1	0	0	0	0	0	0	0	0	1	1	"96"	0	0	0	1	1	"3"	0	0	1	0	0	0	0	"3"	0	0	1	0	0	0	0	3	500	5	5	5	"5"	0	0	0	0	1	0	0	0	0	0	0	""						""												"1"	1	0	0	0	0	0	0	0	0	0	0	0			0		99	4	2	0	3	2	1	1509	105	208	-999	-999	3330	-999	85	64.75	""	2134	"4"	0	0	0	0	0	1	0	0	0	0	0	0	0	"1"	1	0	0	0	0	0	0	0	0	""	4	""	260	0	0	0	0	0	0	1	1	1	2	0	14560	8000							12	8	0	0	0	0									0	0	0	0	0	0	12	8	0	0	0	0	0	0	0	0	0	0	0	0	20		2581	1	3	3	1	1	1	1	1	3254	100	0	300	300	400	700		3421	1	3655	"uuid:2db6b3e5-7853-4148-9e78-0f8d283ba768"	1904231931	"uuid:2db6b3e5-7853-4148-9e78-0f8d283ba768"
"Apr 26, 2019 5:55:47 PM"	"Apr 26, 2019"	"3.544E+14"	3363	"Mukuru"	"8abd5ad"	"SisalAandB"	1	25	1		60	3	0	3	2	3	1	""	1	1	0	0	0	0	1	0	0		700	100		300									75		2	"96"	0	0	0	0	0	0	0	0	0	0	0	0	1		"96"	0	0	0	0	0	0	0	0	0	0	0	0	1	100	1	80	100	"2 4 6 8"	0	1	0	1	0	1	0	1	0	0	""	350	2019	4	24	3	""	2500	"7"	0	0	1	0	0	0	0	0	0	0	0	0	0	0	0	0	0	0	0	0	0	0	0	0	0	0	0	0	0	0	0	0	0	0	0	0	0	0	0	0	0	0	0	0	0	0	0	0	0	150	96	1	0	0	0	0	0	0	0	0	0	0	0	0	0	0	0	0	0	0	0	0	0	0	0	0	0	0	0	0	0	0	0	0	0	0	0	0	0	0	0	0	0	0	0	0	0	0	0	0	150	"7"	0	0	0	0	0	0	0	0	0	0	1	0	0	0	1	0	"96"	0	0	0	1	0	"96"	0	0	0	0	0	0	1	"96"	0	0	0	0	0	0	1	1	-999	5	5	4	""												"2 4"	0	1	0	1	0	""												"1 6 9"	1	0	0	0	0	1	0	0	1	0	0	-99						0	0	0	0	0	12	1313	105	208	-999	-999	-999	-999	-999	-999	""	1532	"9"	0	0	0	0	0	0	0	0	0	0	1	0	0	"1 2 5 6"	1	1	0	0	1	1	0	0	0	""	3	""	52	0	0	0	1	1	0	1	1	1	2	0	16800	6720						4	3	2	2	2	2	2	2	1							0	0	0	0	0	4	3	2	2	2	2	2	2	1	0	0	0	0	0	0	20		2276				1	9	14	3	21	3023	0	0	400	0	500	500		3160	1	3361	"uuid:08d83db5-848f-4d1c-84d1-894a46a2082a"	1904231931	"uuid:08d83db5-848f-4d1c-84d1-894a46a2082a"
"Apr 26, 2019 5:55:49 PM"	"Apr 26, 2019"	"3.544E+14"	4425	"Mukuru"	"8be6fc3"	"SisalAandB"	1	20	1		63	44	0	4	2	3	1	""	1	0	0	0	1	0	1	0	0		700	100								10			100		2	"96"	0	0	0	0	0	0	0	0	0	0	0	0	1		"96"	0	0	0	0	0	0	0	0	0	0	0	0	1	100	1	90	100	"2 4 6"	0	1	0	1	0	1	0	0	0	0	""	250	2018	6	52	1	""	2000	"24"	0	0	0	0	0	0	0	0	0	0	0	0	0	0	0	0	0	0	0	0	0	0	0	0	0	0	0	0	0	0	0	0	1	0	0	0	0	0	0	0	0	0	0	0	0	0	0	0	0	500	72	0	0	0	0	0	0	0	0	0	0	0	0	0	0	0	0	0	0	0	0	0	0	0	0	0	0	0	1	0	0	0	0	0	0	0	0	0	0	0	0	0	0	0	0	0	0	0	0	0	1000	"2 6 7"	0	0	0	1	0	0	0	0	0	1	1	0	0	0	1	0	"1 3"	1	0	1	0	0	"3 6"	0	0	1	0	0	1	0	"96"	0	0	0	0	0	0	1	1	-999	4	2	2	"1 6"	1	0	0	0	0	1	0	0	0	0	0	""						""												"1 6"	1	0	0	0	0	1	0	0	0	0	0	100	1600	32000			10000	1	1	2	1	4	3	1480	105	208	1011.75	1468	962	-999	935	913.75	""	2199	"9"	0	0	0	0	0	0	0	0	0	0	1	0	0	"1 5 7"	1	0	0	0	1	0	1	0	0	""	3	""	156	1	1	0	1	0	0	4	4	2	2	0	20160	13440											6	4	2	2	2	2	2				0	0	0	0	0	0	0	0	0	0	6	4	2	2	2	2	2	0	0	0	20		3097				21	1	6	20	19	3945	390	1	10	1170	110	1280		4190	1	4423	"uuid:548f3a12-e8d3-41ac-af36-a1a9fd01d075"	1904231931	"uuid:548f3a12-e8d3-41ac-af36-a1a9fd01d075"
"Apr 26, 2019 5:55:50 PM"	"Apr 26, 2019"	"3.544E+14"	3018	"Mukuru"	"5b17cfe"	"SisalAandB"	1	16	1		48	3	0	4	2	3	1	""	1	1	0	0	1	0	1	1	0		700	100		350						10			75	10	2	"96"	0	0	0	0	0	0	0	0	0	0	0	0	1		"96"	0	0	0	0	0	0	0	0	0	0	0	0	1	100	1	90	100	"2 3 4 6"	0	1	1	1	0	1	0	0	0	0	""	200	2018	2	4	1	""	2000	"12"	0	0	0	0	0	0	0	0	0	0	0	0	0	1	0	0	0	0	0	0	0	0	0	0	0	0	0	0	0	0	0	0	0	0	0	0	0	0	0	0	0	0	0	0	0	0	0	0	0	200	72	0	0	0	0	0	0	0	0	0	0	0	0	0	0	0	0	0	0	0	0	0	0	0	0	0	0	0	1	0	0	0	0	0	0	0	0	0	0	0	0	0	0	0	0	0	0	0	0	0	500	"6 7 8"	0	0	0	0	0	0	0	0	0	1	1	1	0	0	1	0	"1 3"	1	0	1	0	0	"6"	0	0	0	0	0	1	0	"3 4"	0	0	1	1	0	0	0	3	-999	4	2	2	"6"	0	0	0	0	0	1	0	0	0	0	0	""						""												"1 6"	1	0	0	0	0	1	0	0	0	0	0	700	3000	2000				0	3	2	0	7	0	1235	105	208	1011.75	2094	-999	-999	-999	-999	""	1586	"9"	0	0	0	0	0	0	0	0	0	0	1	0	0	"1 3 4 5"	1	0	1	1	1	0	0	0	0	""	5	""	156	1	1	2	1	1	0	3	3	3	5	300	16800	10080									5	4	4	2	3	2							0	0	0	0	0	0	0	0	5	4	4	2	3	2	0	0	0	0	0	0	20		2089				19	14	4	4	16	2771	200	1	200	600	300	900		2898	1	3016	"uuid:025685a1-cfb7-4a79-b7cc-bdb633a5514f"	1904231931	"uuid:025685a1-cfb7-4a79-b7cc-bdb633a5514f"
"Apr 26, 2019 5:55:51 PM"	"Apr 26, 2019"	"3.544E+14"	2479	"Mukuru"	"05b4f73"	"SisalAandB"	1	23	1		61	3	0	4	2	3	1	""	1	1	0	0	1	0	1	0	0		840	120		500						2			75		2	"2"	1	0	0	0	0	0	0	0	0	0	0	0	0		"96"	0	0	0	0	0	0	0	0	0	0	0	0	1	60	2	60	80	"2 4 6"	0	1	0	1	0	1	0	0	0	0	""	300	2018	11	104	1	""	2000	"7"	0	0	1	0	0	0	0	0	0	0	0	0	0	0	0	0	0	0	0	0	0	0	0	0	0	0	0	0	0	0	0	0	0	0	0	0	0	0	0	0	0	0	0	0	0	0	0	0	0	200	23	0	0	0	0	0	0	0	0	0	0	0	0	0	0	0	0	0	0	0	0	0	0	0	0	0	1	0	0	0	0	0	0	0	0	0	0	0	0	0	0	0	0	0	0	0	0	0	0	0	700	"6 7 8"	0	0	0	0	0	0	0	0	0	1	1	1	0	0	1	1	"1 3"	1	0	1	0	0	"2"	0	1	0	0	0	0	0	"3 4"	0	0	1	1	0	0	0	1	3000	4	2	2	"1 5"	1	0	0	0	1	0	0	0	0	0	0	""						""												"1"	1	0	0	0	0	0	0	0	0	0	0	0	500	7000		1000		2	0	2	0	6	2	1058	105	208	1011.75	-999	-999	-999	-999	-999	""	1223	"3 9 10"	0	0	0	0	1	0	0	0	0	0	1	1	0	"1 5 7"	1	0	0	0	1	0	1	0	0	""	5	""	260	1	1	0	0	0	0	4	4	3	4	200	20160	13440											5	4	3	2	2	2	2				0	0	0	0	0	0	0	0	0	0	5	4	3	2	2	2	2	0	0	0	20		1664				12	14	6	4	11	2099	200	1	200	600	300	900		2218	1	2477	"uuid:83b2ccd9-05b6-4b79-82e0-80352f9c4902"	1904231931	"uuid:83b2ccd9-05b6-4b79-82e0-80352f9c4902"
"Apr 26, 2019 5:57:45 PM"	"Apr 26, 2019"	"3.56213E+14"	3749	"Dandora"	"e229557"	"ExMoroto"	1	18	1		69	44	0	5	2	3	1	""	1	1	0	0	1	0	1	0	0		320	320		200						50			80		2	"96"	0	0	0	0	0	0	0	0	0	0	0	0	1		"96"	0	0	0	0	0	0	0	0	0	0	0	0	1	80	1	50	80	"2 4 6 8"	0	1	0	1	0	1	0	1	0	0	""	270	2018	12	52	1	""	4000	"96"	1	0	0	0	0	0	0	0	0	0	0	0	0	0	0	0	0	0	0	0	0	0	0	0	0	0	0	0	0	0	0	0	0	0	0	0	0	0	0	0	0	0	0	0	0	0	0	0	0	0	14	0	0	0	0	0	0	0	0	0	0	0	0	0	0	0	1	0	0	0	0	0	0	0	0	0	0	0	0	0	0	0	0	0	0	0	0	0	0	0	0	0	0	0	0	0	0	0	0	0	-888	"32 7 8"	0	0	0	0	0	1	0	0	0	0	1	1	0	0	1	1	"1"	1	0	0	0	0	"6"	0	0	0	0	0	1	0	"96"	0	0	0	0	0	0	1	1	300	4	2	1	"1 6"	1	0	0	0	0	1	0	0	0	0	0	""						""												"1 6"	1	0	0	0	0	1	0	0	0	0	0	0	800	26000				1	1	3	1	3	3	971	105	208	1011.75	2094	555	0	1020	63.75	""	1010	"20 3 4 7 9"	0	1	0	0	1	1	0	0	1	0	1	0	0	"1 3 4 5 7"	1	0	1	1	1	0	1	0	0	""	5	""	156	1	1	0	1	1	0	4	4	4	2	0	8320	4000				6	2	4	8														0	0	0	6	2	4	8	0	0	0	0	0	0	0	0	0	0	0	0	0	20		2695	8	9	10	1	1	1	1	1	2998	120	1	280	360	380	740		3267	1	3745	"uuid:45de7cef-d386-4a8b-b6d1-271a0d4c4b06"	1904231931	"uuid:45de7cef-d386-4a8b-b6d1-271a0d4c4b06"
"Apr 26, 2019 5:57:54 PM"	"Apr 26, 2019"	"3.56213E+14"	4720	"Dandora"	"8cf3304"	"ExMoroto"	1	32	1		123	3	0	3	1	3	1	""	1	1	0	0	1	0	1	0	0		320	320		150						40			100		2	"96"	0	0	0	0	0	0	0	0	0	0	0	0	1		"96"	0	0	0	0	0	0	0	0	0	0	0	0	1	80	2	50	80	"2 4"	0	1	0	1	0	0	0	0	0	0	""	350	2018	8	32	1	""	2500	"96"	1	0	0	0	0	0	0	0	0	0	0	0	0	0	0	0	0	0	0	0	0	0	0	0	0	0	0	0	0	0	0	0	0	0	0	0	0	0	0	0	0	0	0	0	0	0	0	0	0	0	79	0	0	0	0	0	0	0	0	0	0	0	0	0	0	0	0	0	0	0	0	0	0	0	0	0	0	0	0	0	0	0	1	0	0	0	0	0	0	0	0	0	0	0	0	0	0	0	0	0	-888	"8"	0	0	0	0	0	0	0	0	0	0	0	1	0	0	1	0	"96"	0	0	0	1	0	"96"	0	0	0	0	0	0	1	"96"	0	0	0	0	0	0	1	3	0	5	5	4	""												"2"	0	1	0	0	0	""												"8"	0	0	0	0	0	0	0	1	0	0	0	0						1	2	3	2	3	1	2397	105	208	1110.75	2094	4715	0	935	913.75	""	2512	"7 9 10"	0	0	0	0	0	0	0	0	1	0	1	1	0	"3 5 7"	0	0	1	0	1	0	1	0	0	""	4	""	312	1	1	0	1	1	0	5	5	4	2	0	8320	7000						8	12														0	0	0	0	0	8	12	0	0	0	0	0	0	0	0	0	0	0	0	0	20		2697	7	8	11	4	2	6	1	8	3575	200	0	200	600	300	900		3844	1	4682	"uuid:a39b4af7-11f9-488c-aa8c-f6986813d813"	1904231931	"uuid:a39b4af7-11f9-488c-aa8c-f6986813d813"
"Apr 26, 2019 5:57:58 PM"	"Apr 26, 2019"	"3.56213E+14"	4011	"Dandora"	"a05854c"	"ExMoroto"	1	39	1		88	44	0	11	7	3	1	""	1	0	0	0	1	0	1	0	0		630	630								20			100		2	"96"	0	0	0	0	0	0	0	0	0	0	0	0	1		"96"	0	0	0	0	0	0	0	0	0	0	0	0	1	90	1	90	100	"6 8"	0	0	0	0	0	1	0	1	0	0	""	300	2018	98	2	1	""	-777	"96"	1	0	0	0	0	0	0	0	0	0	0	0	0	0	0	0	0	0	0	0	0	0	0	0	0	0	0	0	0	0	0	0	0	0	0	0	0	0	0	0	0	0	0	0	0	0	0	0	0	0	32	0	0	0	0	0	0	0	0	0	0	0	1	0	0	0	0	0	0	0	0	0	0	0	0	0	0	0	0	0	0	0	0	0	0	0	0	0	0	0	0	0	0	0	0	0	0	0	0	0	-888	"8"	0	0	0	0	0	0	0	0	0	0	0	1	0	0	1	0	"96"	0	0	0	1	0	"96"	0	0	0	0	0	0	1	"96"	0	0	0	0	0	0	1	2	0	5	5	2	""												"4"	0	0	0	1	0	"1 4"	1	0	0	1	0	0	0	0	0	0	0	"1"	1	0	0	0	0	0	0	0	0	0	0	0						1	2	3	0	4	2	168	105	208	1110.75	2094	1665	0	935	913.8	""	168	"20 3 4 6 9 10"	0	1	0	0	1	1	0	1	0	0	1	1	0	"1 3 7"	1	0	1	0	0	0	1	0	0	""	5	""	260	0	0	0	0	0	0	1	1	1	4	0	16880	10000									3	2	2	2	4	7							0	0	0	0	0	0	0	0	3	2	2	2	4	7	0	0	0	0	0	0	20		168	7	8	8	21	1	20	15	18	168	200	1	200	600	300	900		168	1	168	"uuid:4eef2ad1-4578-4915-850b-cd874621f190"	1904231931	"uuid:4eef2ad1-4578-4915-850b-cd874621f190"
"Apr 26, 2019 6:33:48 PM"	"Apr 26, 2019"	"3.54923E+14"	4919	"Dandora"	"808b514"	"ExMoroto"	1	359	1		477	37	0	3	0	3	1	""	1	1	1	1	1	0	1	0	0		350	350		50		200		100		40			50		2	"96"	0	0	0	0	0	0	0	0	0	0	0	0	1		"96"	0	0	0	0	0	0	0	0	0	0	0	0	1	100	1	100	100	"4"	0	0	0	1	0	0	0	0	0	0	"Charcoal  price has been constant"	500	2018	11	16	2	"She cook with the same jiko in her house and for her business"	0	"7"	0	0	1	0	0	0	0	0	0	0	0	0	0	0	0	0	0	0	0	0	0	0	0	0	0	0	0	0	0	0	0	0	0	0	0	0	0	0	0	0	0	0	0	0	0	0	0	0	0	300	7	0	0	1	0	0	0	0	0	0	0	0	0	0	0	0	0	0	0	0	0	0	0	0	0	0	0	0	0	0	0	0	0	0	0	0	0	0	0	0	0	0	0	0	0	0	0	0	0	0	300	"7"	0	0	0	0	0	0	0	0	0	0	1	0	0	0	1	1	"96"	0	0	0	1	1	"2 5"	0	1	0	0	1	0	0	"6"	0	0	0	0	0	1	0	2	200	4	2	2	"1"	1	0	0	0	0	0	0	0	0	0	0	""						"6"	0	0	0	0	0	1	0	0	0	0	0	"1"	1	0	0	0	0	0	0	0	0	0	0	0			0	15000		0	0	6	0	6	0	2409	105	208	999	999	999	999	999	999	""	3037	"9"	0	0	0	0	0	0	0	0	0	0	1	0	0	"1 5"	1	0	0	0	1	0	0	0	0	""	3	""	104	0	0	0				2	1	1	3	0	8400	0	2	2	2	2	2	2	8														2	2	2	2	2	2	8	0	0	0	0	0	0	0	0	0	0	0	0	0	20		3995				9	16	14	11	13	4491	50	0	350	150	450	600		4610	1		"uuid:73acffb3-129d-4a02-8f13-d3d6808d0268"	1904231931	"uuid:73acffb3-129d-4a02-8f13-d3d6808d0268"
"Apr 26, 2019 6:33:49 PM"	"Apr 26, 2019"	"3.54923E+14"	3492	"Dandora"	"2257b22"	"ExMoroto"	1	533	1		562	44	0	3	2	3	1	""	1	1	0	0	0	0	1	0	0		300	300		200									50		3	"96"	0	0	0	0	0	0	0	0	0	0	0	0	1		"96"	0	0	0	0	0	0	0	0	0	0	0	0	1	100	1	90	100	"2 6"	0	1	0	0	0	1	0	0	0	0	""	200	2018	12	32	1	""	2500	"7"	0	0	1	0	0	0	0	0	0	0	0	0	0	0	0	0	0	0	0	0	0	0	0	0	0	0	0	0	0	0	0	0	0	0	0	0	0	0	0	0	0	0	0	0	0	0	0	0	0	200	96	1	0	0	0	0	0	0	0	0	0	0	0	0	0	0	0	0	0	0	0	0	0	0	0	0	0	0	0	0	0	0	0	0	0	0	0	0	0	0	0	0	0	0	0	0	0	0	0	0	0	"7"	0	0	0	0	0	0	0	0	0	0	1	0	0	0	1	0	"96"	0	0	0	1	0	"3"	0	0	1	0	0	0	0	"96"	0	0	0	0	0	0	1	2	500	5	5	2	"6"	0	0	0	0	0	1	0	0	0	0	0	""						"6"	0	0	0	0	0	1	0	0	0	0	0	"5 97"	0	0	0	0	1	0	0	0	0	0	1	0					3000	0	0	0	4	6	2	1783	105	208	999	999	999	999	999	999	""	1962	"3 4 6"	0	0	0	0	1	1	0	1	0	0	0	0	0	"1 4 5"	1	0	0	1	1	0	0	0	0	""	4	""	208	0	0	2	1	0	0	4	4	4	2	0	7000	4000				6	6	8															0	0	0	6	6	8	0	0	0	0	0	0	0	0	0	0	0	0	0	0	20		2469	14			4	4	4	4	4	2807	0	0	400	0	500	500		2824	1	3491	"uuid:d652664d-da69-4378-bd36-b591f88aecd7"	1904231931	"uuid:d652664d-da69-4378-bd36-b591f88aecd7"
"Apr 26, 2019 6:33:50 PM"	"Apr 26, 2019"	"3.54923E+14"	7252	"Dandora"	"0d58fbf"	"ExMoroto"	1	1855	1		1924	46	1	2	0	3	1	""	1	1	1	0	1	0	1	0	0		500	500		400		200				10			100		2	"96"	0	0	0	0	0	0	0	0	0	0	0	0	1		"96"	0	0	0	0	0	0	0	0	0	0	0	0	1	50	2	50	100	"97"	0	0	0	0	0	0	0	0	1	0	""	400	2018	11	8	2	""	0	"97"	0	0	0	0	0	0	0	0	0	0	0	0	0	0	0	0	0	0	0	0	0	0	0	0	0	0	0	0	0	0	0	0	0	0	0	0	0	0	0	0	0	0	0	0	0	0	0	0	1	200	96	1	0	0	0	0	0	0	0	0	0	0	0	0	0	0	0	0	0	0	0	0	0	0	0	0	0	0	0	0	0	0	0	0	0	0	0	0	0	0	0	0	0	0	0	0	0	0	0	0	0	"7"	0	0	0	0	0	0	0	0	0	0	1	0	0	0	1	0	"96"	0	0	0	1	1	"96"	0	0	0	0	0	0	1	"96"	0	0	0	0	0	0	1	2	-999	4	2	1	""												"4"	0	0	0	1	0	"1"	1	0	0	0	0	0	0	0	0	0	0	"1 97"	1	0	0	0	0	0	0	0	0	0	1	200			0			2	2	2	2	2	2	3468	105	208	1011.75	2094	1665	490	935	913.75	""	4300	"9"	0	0	0	0	0	0	0	0	0	0	1	0	0	"1 7"	1	0	0	0	0	0	1	0	0	""	4	""	104	0	0	0				4	1	4	1	0	7000	3500			8	4	4	4															0	0	8	4	4	4	0	0	0	0	0	0	0	0	0	0	0	0	0	0	20		4849				5	5	19	5	21	5565	0	1	400	0	500	500		5949	4	7250	"uuid:c01a498d-4c93-4a63-aa0d-cc009d8af4f1"	1904231931	"uuid:c01a498d-4c93-4a63-aa0d-cc009d8af4f1"
